#{"t_start": 1773141266.0221307, "env_id": "None"}
r,l,t
-986.914322,100,0.036369
-897.165985,100,0.066033
209.5,100,0.099173
266.0,100,0.126391
-1126.775757,100,0.153754
157.0,100,0.182188
-1807.624329,100,0.21999
211.5,100,0.252044
61.5,100,0.280006
-1738.555847,100,0.309026
209.5,100,0.338159
62.0,100,0.365046
234.0,100,0.391941
196.5,100,0.419376
133.5,100,0.44913
257.5,100,0.478026
109.0,100,0.510867
149.5,100,0.542827
32.193394,100,0.572217
118.5,100,0.603648
244.0,100,1.088179
225.0,100,1.117889
179.5,100,1.150608
-2636.948578,100,1.179654
191.0,100,1.210185
249.0,100,1.241474
-1071.611008,100,1.272261
-1133.96312,100,1.30086
193.0,100,1.330003
50.0,100,1.359394
260.0,100,1.387831
-2005.205688,100,1.420471
68.0,100,1.453192
195.5,100,1.48543
206.5,100,1.518594
208.5,100,1.549598
185.5,100,1.58343
112.5,100,1.615913
173.0,100,1.646719
139.0,100,1.674852
208.545216,100,2.129909
329.5,100,2.162897
265.0,100,2.193951
242.5,100,2.229819
251.5,100,2.265364
211.5,100,2.297749
344.5,100,2.331049
189.0,100,2.360633
234.5,100,2.391834
257.5,100,2.425415
78.0,100,2.459857
246.0,100,2.491228
240.5,100,2.51942
-368.656219,100,2.546665
217.5,100,2.573358
126.5,100,2.600216
-713.377243,100,2.626773
-110.043335,100,2.65365
220.0,100,2.688271
239.5,100,2.717974
98.5,100,2.747892
264.5,100,3.221991
62.0,100,3.255409
312.0,100,3.288957
242.0,100,3.32229
358.5,100,3.352398
340.5,100,3.383867
347.5,100,3.415752
291.0,100,3.446046
286.0,100,3.477432
230.0,100,3.510169
-53.21785,100,3.539405
296.0,100,3.568195
314.5,100,3.597431
278.5,100,3.630139
328.0,100,3.6613
228.0,100,3.691391
127.5,100,3.719186
278.0,100,3.750186
260.5,100,3.781151
280.5,100,3.810994
109.0,100,4.291142
-1368.398605,100,4.323032
422.0,100,4.355659
349.0,100,4.388943
348.290573,100,4.421661
347.0,100,4.452663
-37.901001,100,4.483063
396.0,100,4.510216
-288.03051,100,4.539291
347.0,100,4.56996
429.0,100,4.601133
-1295.319901,100,4.631444
64.0,100,4.660253
375.5,100,4.689937
-642.379883,100,4.718364
382.5,100,4.748534
401.5,100,4.778692
355.0,100,4.809221
255.0,100,4.843091
371.5,100,4.879509
376.0,100,4.915863
481.5,100,5.371254
-944.335159,100,5.402112
210.063412,100,5.4322
78.0,100,5.459937
280.304337,100,5.486991
359.5,100,5.514525
463.0,100,5.542396
-843.804008,100,5.569702
-1829.196213,100,5.596489
396.0,100,5.62491
145.831505,100,5.655458
440.5,100,5.685953
405.5,100,5.713627
-397.849045,100,5.741395
-371.060028,100,5.769903
478.5,100,5.798856
-1103.24276,100,5.832061
-754.113846,100,5.859255
-1218.856819,100,5.88824
-1277.084274,100,5.921098
457.0,100,6.382254
366.5,100,6.41136
-3673.303207,100,6.44232
331.5,100,6.47186
221.45993,100,6.499536
48.390146,100,6.528033
324.5,100,6.557309
214.032196,100,6.588709
364.0,100,6.617582
-98.65963,100,6.645852
134.0,100,6.676409
329.0,100,6.704744
48.0,100,6.732141
-846.342224,100,6.762888
346.5,100,6.791428
-118.513945,100,6.820761
347.0,100,6.853135
380.5,100,6.886049
126.0,100,6.91643
389.0,100,6.947952
339.5,100,6.978636
23.837959,100,7.439535
126.0,100,7.468376
197.5,100,7.496759
363.0,100,7.528183
35.458132,100,7.556397
378.049347,100,7.585174
303.0,100,7.615192
-1178.618256,100,7.648214
354.5,100,7.680638
274.0,100,7.711497
308.0,100,7.743959
347.0,100,7.776038
292.5,100,7.804311
316.5,100,7.834324
86.0,100,7.864198
209.0,100,7.896214
245.5,100,7.928489
322.0,100,7.95755
319.5,100,7.991451
326.5,100,8.021972
317.0,100,8.486541
418.0,100,8.513167
91.0,100,8.540616
377.5,100,8.569405
286.753937,100,8.599922
-1137.575882,100,8.631335
367.0,100,8.660863
351.0,100,8.690396
302.555603,100,8.721698
-62.118179,100,8.752095
-2739.727348,100,8.788574
264.5,100,8.819373
388.0,100,8.854634
395.5,100,8.89667
358.0,100,8.933282
512.5,100,8.972472
127.5,100,9.002829
465.0,100,9.033524
-123.994247,100,9.065498
399.0,100,9.10256
63.567581,100,9.135563
446.5,100,9.589127
294.874123,100,9.619166
-2112.811028,100,9.650803
423.0,100,9.683924
160.0,100,9.713966
-304.050583,100,9.745679
444.5,100,9.77785
402.0,100,9.807954
-94.347946,100,9.836975
418.0,100,9.865658
148.0,100,9.897411
414.5,100,9.928036
-8573.182936,100,9.957608
264.5,100,9.985852
370.0,100,10.019444
389.5,100,10.049002
402.5,100,10.077804
488.0,100,10.108665
336.0,100,10.136851
320.5,100,10.164723
-2101.047852,100,10.634113
378.5,100,10.662481
-2275.58506,100,10.692631
88.72377,100,10.721969
421.0,100,10.753056
353.0,100,10.781716
371.0,100,10.810654
327.0,100,10.844699
373.5,100,10.87636
-3.306549,100,10.90635
355.0,100,10.934845
-371.14415,100,10.964104
393.5,100,10.996356
454.0,100,11.024784
408.5,100,11.053859
-421.128546,100,11.083566
450.5,100,11.11285
438.5,100,11.142297
-1721.742516,100,11.169631
379.0,100,11.197076
364.0,100,11.226598
-236.407135,100,11.687127
328.0,100,11.717103
140.0,100,11.749081
330.5,100,11.779728
-4227.022064,100,11.810884
311.5,100,11.84051
-5.227402,100,11.872273
371.5,100,11.902203
-91.871552,100,11.93359
414.5,100,11.966256
365.0,100,11.994805
-738.813568,100,12.023994
431.5,100,12.053643
359.5,100,12.08354
-7121.48366,100,12.111813
-1389.046799,100,12.142315
-912.429533,100,12.174798
426.0,100,12.209576
344.5,100,12.244576
374.0,100,12.274677
297.0,100,12.724633
-205.905396,100,12.759848
-2240.954182,100,12.794087
358.5,100,12.823893
147.0,100,12.856195
392.0,100,12.888011
409.0,100,12.916639
-161.839233,100,12.947487
393.0,100,12.978092
111.919613,100,13.009552
-1370.583923,100,13.037123
355.5,100,13.06693
422.5,100,13.094664
376.5,100,13.128087
381.0,100,13.161569
149.0,100,13.191653
371.0,100,13.222353
288.5,100,13.252197
294.994545,100,13.279836
327.5,100,13.307677
-8.734192,100,13.335894
337.5,100,13.784875
378.5,100,13.819651
399.0,100,13.853498
359.5,100,13.88364
322.5,100,13.916292
184.0,100,13.950853
388.0,100,13.980571
246.0,100,14.014483
303.0,100,14.047952
340.5,100,14.078923
-758.745872,100,14.110978
320.5,100,14.143135
326.0,100,14.172373
-1589.82399,100,14.203467
420.0,100,14.234301
205.745832,100,14.267132
238.0,100,14.299737
350.5,100,14.329567
324.5,100,14.358146
56.0,100,14.389524
353.5,100,14.861872
451.0,100,14.891351
-431.523121,100,14.920111
-880.227623,100,14.953444
73.170334,100,14.992246
-755.835701,100,15.02542
-1083.297302,100,15.055667
424.5,100,15.085899
423.5,100,15.120524
-40.782452,100,15.153721
392.0,100,15.181901
492.5,100,15.209666
292.746269,100,15.241371
-658.561913,100,15.272029
422.0,100,15.302967
431.5,100,15.335806
156.971741,100,15.36798
401.0,100,15.39864
190.0,100,15.427618
-15.347351,100,15.458522
463.5,100,15.491056
-900.286346,100,15.956595
348.0,100,15.990559
463.5,100,16.023272
420.0,100,16.055111
394.0,100,16.082121
431.0,100,16.110876
309.5,100,16.143702
418.0,100,16.176605
464.0,100,16.208527
356.5,100,16.243337
311.5,100,16.28012
134.0,100,16.316612
426.0,100,16.351851
435.5,100,16.385447
-2092.33609,100,16.418874
317.0,100,16.455109
417.0,100,16.490308
426.5,100,16.523604
377.0,100,16.559094
350.5,100,16.593392
382.0,100,17.062196
361.5,100,17.091711
363.5,100,17.121466
-1676.601795,100,17.156816
348.0,100,17.186039
256.242203,100,17.218177
349.0,100,17.251153
342.5,100,17.28657
-175.511169,100,17.320834
-79.782013,100,17.355267
305.5,100,17.38831
-833.620819,100,17.420759
344.0,100,17.451998
359.0,100,17.486434
-555.735584,100,17.517622
71.033043,100,17.550488
292.5,100,17.587081
414.5,100,17.622787
432.0,100,17.659718
393.5,100,17.690212
-4314.383682,100,17.722067
341.5,100,18.200774
337.5,100,18.232886
351.0,100,18.263497
355.0,100,18.292515
-702.698822,100,18.320301
322.5,100,18.349775
112.0,100,18.379978
378.0,100,18.407626
383.5,100,18.436113
334.0,100,18.467004
313.5,100,18.49788
-749.823257,100,18.531657
50.0,100,18.562665
408.5,100,18.593531
34.296448,100,18.628774
381.5,100,18.663775
286.5,100,18.695529
279.5,100,18.729956
60.0,100,18.764657
328.5,100,18.79616
377.5,100,19.256663
427.0,100,19.288258
456.0,100,19.322182
180.822027,100,19.35692
329.5,100,19.387021
482.5,100,19.421293
220.0,100,19.452962
338.5,100,19.482557
389.5,100,19.513055
70.218761,100,19.54292
376.0,100,19.57408
416.5,100,19.605877
367.5,100,19.636273
420.0,100,19.667063
386.5,100,19.700552
283.537529,100,19.730939
272.464262,100,19.761602
222.5,100,19.795048
487.5,100,19.826105
440.0,100,19.857588
434.5,100,19.888528
271.0,100,20.34214
458.0,100,20.373331
123.0,100,20.407594
110.0,100,20.440174
335.0,100,20.473629
89.295567,100,20.501542
342.5,100,20.532021
163.5,100,20.564321
-227.921013,100,20.596718
299.452957,100,20.62505
470.5,100,20.65491
534.0,100,20.68507
67.984222,100,20.712878
-429.900337,100,20.746719
-816.783234,100,20.780205
62.669098,100,20.813518
-811.961151,100,20.844952
273.740044,100,20.878988
468.5,100,20.908787
351.5,100,20.9379
130.0,100,21.378657
465.0,100,21.409612
405.0,100,21.439379
451.5,100,21.470315
450.0,100,21.501534
462.5,100,21.532865
434.0,100,21.563048
433.0,100,21.593021
265.0,100,21.624602
458.5,100,21.65504
426.0,100,21.683949
-108.464233,100,21.713881
94.0,100,21.744627
550.0,100,21.772193
60.0,100,21.803452
7.983902,100,21.835463
430.0,100,21.865018
459.0,100,21.897407
208.259369,100,21.926712
454.5,100,21.958756
477.5,100,21.992113
-124.931885,100,22.418813
96.0,100,22.447739
567.0,100,22.476964
575.0,100,22.507252
76.742239,100,22.539574
444.0,100,22.573802
78.284027,100,22.602359
148.0,100,22.632181
440.5,100,22.662663
-484.236633,100,22.692888
314.5,100,22.723615
523.5,100,22.753384
535.0,100,22.783174
332.580639,100,22.813385
481.0,100,22.843085
474.5,100,22.873619
461.0,100,22.903762
568.5,100,22.934368
-995.884949,100,22.965501
464.5,100,22.99244
327.5,100,23.410968
128.406601,100,23.439669
508.0,100,23.468387
522.0,100,23.496868
437.5,100,23.524655
466.0,100,23.553391
392.5,100,23.58026
392.0,100,23.607389
386.0,100,23.633878
387.0,100,23.660624
448.0,100,23.68691
268.195297,100,23.71352
447.5,100,23.739969
167.5,100,23.76655
140.0,100,23.793827
406.5,100,23.820786
332.5,100,23.847703
477.5,100,23.874674
459.5,100,23.902781
-33.590515,100,23.930527
545.0,100,23.958613
-1343.889069,100,24.351604
319.0,100,24.37898
-84.316162,100,24.406026
166.0,100,24.433005
557.0,100,24.459633
519.5,100,24.486984
142.0,100,24.51431
-747.917969,100,24.541268
422.0,100,24.568203
484.0,100,24.59657
551.5,100,24.623682
447.0,100,24.650939
423.0,100,24.678072
550.0,100,24.705279
491.0,100,24.732713
477.0,100,24.75951
457.0,100,24.786852
542.5,100,24.813983
-775.917969,100,24.842279
221.04908,100,24.870073
494.0,100,25.271001
-203.8479,100,25.29985
474.0,100,25.327141
477.0,100,25.355133
-99.494682,100,25.381883
563.0,100,25.408253
160.0,100,25.434623
446.0,100,25.461159
505.0,100,25.487503
489.5,100,25.51395
-512.777588,100,25.540256
328.0,100,25.566718
476.0,100,25.593135
-22.695213,100,25.619357
89.138496,100,25.645664
527.5,100,25.671915
539.0,100,25.698144
-108.335938,100,25.724711
553.5,100,25.75121
470.0,100,25.777594
478.0,100,25.804045
535.0,100,26.195464
444.0,100,26.222706
475.0,100,26.250623
533.0,100,26.278635
497.0,100,26.305907
433.5,100,26.332697
355.0,100,26.360395
372.872833,100,26.387188
526.5,100,26.413767
514.0,100,26.44033
459.0,100,26.466711
480.0,100,26.493145
-29.606995,100,26.524226
528.5,100,26.551035
588.0,100,26.577806
381.0,100,26.605059
555.0,100,26.63209
-264.596313,100,26.65884
522.0,100,26.685576
512.5,100,26.712478
392.0,100,27.130614
455.5,100,27.160902
479.5,100,27.191689
334.0,100,27.218641
544.0,100,27.245635
569.5,100,27.272528
365.54303,100,27.299369
-742.470215,100,27.326079
519.5,100,27.352753
436.5,100,27.380032
205.540428,100,27.407796
523.5,100,27.435146
508.5,100,27.463088
519.5,100,27.49161
551.0,100,27.520209
595.5,100,27.549044
103.858932,100,27.57738
573.0,100,27.606617
531.5,100,27.63418
565.5,100,27.662514
659.5,100,28.064016
85.613739,100,28.091703
521.5,100,28.118056
-251.134789,100,28.144976
184.0,100,28.175393
316.427383,100,28.203923
602.5,100,28.231584
561.5,100,28.258381
587.5,100,28.285438
568.5,100,28.312429
-798.773102,100,28.339337
139.5,100,28.370471
477.218109,100,28.397106
182.532318,100,28.42473
-185.839233,100,28.451423
-282.524719,100,28.477985
411.5,100,28.504527
567.5,100,28.531836
483.0,100,28.559549
631.0,100,28.587189
571.0,100,28.614725
410.913807,100,29.010218
640.5,100,29.037932
194.0,100,29.065977
279.199966,100,29.099676
570.5,100,29.126974
492.0,100,29.156034
648.5,100,29.184097
415.767105,100,29.210882
606.5,100,29.237708
516.5,100,29.264308
530.5,100,29.29085
378.0,100,29.317425
497.0,100,29.343883
464.5,100,29.370649
519.5,100,29.397118
569.0,100,29.42389
569.0,100,29.451468
385.0,100,29.478224
486.0,100,29.509304
629.0,100,29.536204
590.0,100,29.962752
602.5,100,29.993231
628.0,100,30.023164
685.0,100,30.051786
-827.104614,100,30.081515
539.0,100,30.112739
525.0,100,30.148182
563.0,100,30.178865
612.0,100,30.209139
603.0,100,30.237934
576.5,100,30.266925
584.5,100,30.296107
517.5,100,30.32523
84.221222,100,30.355989
575.0,100,30.38662
516.0,100,30.416034
-120.155548,100,30.445158
553.5,100,30.475029
355.5,100,30.504403
-819.104614,100,30.534591
408.5,100,30.563601
612.0,100,30.996661
552.0,100,31.025842
156.657059,100,31.05658
451.775162,100,31.086224
460.0,100,31.118974
608.5,100,31.150509
619.5,100,31.182598
673.0,100,31.218076
236.581751,100,31.253668
-1428.67041,100,31.288522
164.0,100,31.322212
614.0,100,31.354802
591.5,100,31.392869
-427.477173,100,31.422411
593.5,100,31.452805
580.0,100,31.483909
571.0,100,31.516038
12.823288,100,31.548697
-821.104614,100,31.580795
462.0,100,31.611844
528.0,100,32.070462
574.0,100,32.100107
260.455078,100,32.137116
-459.608887,100,32.173753
529.0,100,32.203776
247.155792,100,32.233406
371.5,100,32.26306
-888.165413,100,32.292637
669.0,100,32.321723
614.5,100,32.350035
557.5,100,32.377216
28.296959,100,32.404247
15.656059,100,32.430854
-1.462189,100,32.462568
512.5,100,32.492001
547.5,100,32.525045
570.5,100,32.552493
580.0,100,32.579959
282.745041,100,32.606292
479.0,100,32.641632
538.5,100,32.67522
565.0,100,33.166619
516.0,100,33.200297
218.738739,100,33.234546
449.0,100,33.26502
142.0,100,33.300179
587.5,100,33.332113
367.5,100,33.369194
-649.468704,100,33.403868
593.0,100,33.434999
684.0,100,33.464258
470.0,100,33.493553
524.0,100,33.522814
546.5,100,33.555783
556.0,100,33.590208
517.5,100,33.627743
603.5,100,33.661798
418.0,100,33.695231
650.5,100,33.723268
669.5,100,33.754796
524.5,100,33.784686
531.5,100,34.274587
529.5,100,34.308545
-152.43457,100,34.34219
642.5,100,34.380515
648.5,100,34.417824
564.5,100,34.454596
-2076.947044,100,34.48765
155.5,100,34.522181
571.0,100,34.557614
493.0,100,34.592191
287.485855,100,34.623293
586.0,100,34.654473
122.287415,100,34.690504
561.0,100,34.728368
126.511211,100,34.761389
559.0,100,34.795303
-212.978146,100,34.82711
279.077072,100,34.857975
312.480808,100,34.891005
173.216309,100,34.923782
531.0,100,34.961015
457.0,100,35.436694
127.031616,100,35.472199
-2972.284821,100,35.511971
260.5,100,35.565729
531.0,100,35.605918
454.0,100,35.645587
514.5,100,35.68064
509.5,100,35.715906
-133.839233,100,35.751461
530.5,100,35.790511
14.868286,100,35.831674
76.0,100,35.870633
387.5,100,35.911712
-177.485901,100,35.949322
531.0,100,35.98113
574.0,100,36.012722
359.5,100,36.043844
290.220612,100,36.075553
537.0,100,36.112676
-510.915176,100,36.147771
-65.098831,100,36.591645
442.5,100,36.622638
464.5,100,36.654462
590.0,100,36.68807
444.0,100,36.719327
253.5,100,36.748549
482.0,100,36.778511
46.0,100,36.808522
-92.044281,100,36.840028
476.0,100,36.874645
-772.610855,100,36.907517
468.5,100,36.937881
549.5,100,36.97227
488.0,100,37.002087
538.5,100,37.03373
165.0,100,37.066815
60.0,100,37.099405
122.0,100,37.127855
-678.789856,100,37.16163
501.575699,100,37.195591
266.772541,100,37.231232
156.0,100,37.673035
-44.344269,100,37.704277
355.5,100,37.734796
-1251.096535,100,37.764454
522.0,100,37.794835
475.0,100,37.828604
522.0,100,37.86603
144.0,100,37.900716
-11.468506,100,37.934316
358.766567,100,37.968987
518.0,100,38.002155
467.0,100,38.03514
529.5,100,38.063596
271.175022,100,38.090537
534.5,100,38.117888
-45.250664,100,38.150875
444.0,100,38.184553
455.5,100,38.21772
477.5,100,38.247483
525.0,100,38.276032
-7.130951,100,38.680237
98.0,100,38.711043
424.0,100,38.740469
318.601868,100,38.771743
450.0,100,38.805989
576.5,100,38.839155
434.0,100,38.870817
177.5,100,38.901142
534.5,100,38.930825
551.5,100,38.965482
428.5,100,38.997059
178.0,100,39.026401
281.5,100,39.058002
-825.104614,100,39.087251
497.0,100,39.118092
540.5,100,39.149299
306.0,100,39.181038
460.5,100,39.214859
106.0,100,39.248561
428.0,100,39.279521
465.5,100,39.311524
428.5,100,39.744157
529.5,100,39.77502
588.0,100,39.808668
424.5,100,39.838954
-145.81778,100,39.871517
512.5,100,39.903088
412.0,100,39.938374
559.0,100,39.969381
480.0,100,39.998269
534.5,100,40.028952
-644.083923,100,40.060982
360.5,100,40.091539
256.5,100,40.122193
96.0,100,40.153378
631.5,100,40.184928
62.0,100,40.215376
-28.12793,100,40.244856
348.5,100,40.27741
514.0,100,40.306606
450.5,100,40.340505
531.0,100,40.821462
550.5,100,40.850404
462.5,100,40.882244
536.5,100,40.911818
331.0,100,40.946817
492.0,100,40.980773
405.0,100,41.012335
467.5,100,41.045838
327.0,100,41.07746
111.5,100,41.109532
516.0,100,41.145726
489.0,100,41.17835
296.5,100,41.212001
312.0,100,41.246212
466.5,100,41.279416
424.0,100,41.312989
568.5,100,41.346461
387.5,100,41.375497
458.0,100,41.406947
529.0,100,41.439583
554.5,100,41.471169
497.0,100,41.893686
557.5,100,41.92799
550.0,100,41.967163
614.0,100,42.000508
126.0,100,42.03088
-975.097473,100,42.069749
565.0,100,42.109001
-342.3871,100,42.147774
544.5,100,42.184179
536.0,100,42.216334
557.0,100,42.248972
111.0,100,42.281074
521.5,100,42.313415
544.5,100,42.34291
531.0,100,42.372307
148.5,100,42.403257
497.0,100,42.434552
589.5,100,42.465607
217.5,100,42.496376
586.0,100,42.526786
453.5,100,42.941255
79.773529,100,42.969854
527.5,100,42.999677
395.0,100,43.030799
546.0,100,43.060746
523.5,100,43.090658
498.5,100,43.119023
298.0,100,43.14928
550.5,100,43.180847
566.0,100,43.208964
392.120689,100,43.237283
-378.392044,100,43.265473
492.0,100,43.292824
521.5,100,43.319676
440.0,100,43.348696
556.5,100,43.379104
126.5,100,43.411617
533.0,100,43.43966
516.0,100,43.467051
497.0,100,43.494955
409.5,100,43.523905
578.0,100,43.941749
473.5,100,43.972008
586.5,100,44.002358
459.0,100,44.032806
509.5,100,44.064437
102.0,100,44.099269
169.0,100,44.134354
531.0,100,44.166616
559.5,100,44.19688
569.5,100,44.225473
503.0,100,44.261656
167.5,100,44.293059
475.5,100,44.324334
508.5,100,44.356945
469.5,100,44.391777
504.0,100,44.427404
130.0,100,44.46122
492.0,100,44.494548
510.0,100,44.529145
80.0,100,44.56405
-532.158752,100,45.012823
557.0,100,45.044238
477.0,100,45.075234
-819.104614,100,45.105079
537.5,100,45.134004
529.0,100,45.16647
128.0,100,45.196476
257.779427,100,45.224988
386.5,100,45.253973
515.5,100,45.282771
527.0,100,45.311844
535.0,100,45.341377
-32.224243,100,45.369822
522.0,100,45.40006
492.5,100,45.429717
512.0,100,45.458564
470.5,100,45.486893
569.0,100,45.514853
206.542877,100,45.544815
590.0,100,45.573323
397.0,100,45.603825
120.458618,100,46.030846
515.5,100,46.057627
507.0,100,46.084418
459.0,100,46.111389
452.0,100,46.138359
457.5,100,46.165431
259.816971,100,46.193078
548.0,100,46.21974
513.5,100,46.247588
455.5,100,46.281047
578.5,100,46.314785
484.0,100,46.349783
488.0,100,46.383259
444.0,100,46.417325
495.0,100,46.448496
457.0,100,46.481254
523.5,100,46.515152
463.5,100,46.548008
473.5,100,46.583456
-33.828339,100,46.616828
379.0,100,47.052909
617.5,100,47.084789
595.0,100,47.119011
576.5,100,47.151597
370.0,100,47.183679
534.5,100,47.214124
-448.982239,100,47.242964
567.0,100,47.272159
-229.092773,100,47.300383
538.0,100,47.329487
521.5,100,47.359186
621.5,100,47.386249
538.5,100,47.413735
605.0,100,47.441678
575.0,100,47.469669
56.0,100,47.497088
175.124054,100,47.523798
256.418114,100,47.551567
48.0,100,47.579388
626.0,100,47.607363
576.5,100,47.635397
454.5,100,48.051059
-1263.631927,100,48.081941
550.0,100,48.115292
520.0,100,48.147174
316.5,100,48.176788
-85.17334,100,48.207185
136.0,100,48.235771
601.5,100,48.265147
622.0,100,48.296441
550.0,100,48.32522
254.133881,100,48.355114
514.5,100,48.387576
523.5,100,48.415818
474.0,100,48.444981
64.784981,100,48.475747
431.0,100,48.503973
472.5,100,48.532599
557.0,100,48.56115
353.0,100,48.591808
507.5,100,48.620896
550.0,100,49.025877
504.0,100,49.053824
349.0,100,49.08174
459.5,100,49.113703
282.0,100,49.142646
384.5,100,49.173967
377.0,100,49.203938
-875.85994,100,49.234366
538.5,100,49.263388
425.5,100,49.292601
418.0,100,49.319637
416.0,100,49.347378
390.5,100,49.374579
108.0,100,49.402186
471.0,100,49.431028
563.5,100,49.458428
603.0,100,49.485649
46.0,100,49.512447
375.0,100,49.540163
426.5,100,49.567956
338.0,100,49.595801
532.5,100,50.01663
532.5,100,50.043898
270.0,100,50.070822
260.5,100,50.097732
374.0,100,50.12875
620.0,100,50.156957
506.0,100,50.185978
278.0,100,50.217525
66.0,100,50.247696
522.0,100,50.280298
385.5,100,50.307949
584.5,100,50.336437
391.5,100,50.369173
384.5,100,50.403466
-580.425735,100,50.432079
46.0,100,50.460734
622.5,100,50.491217
112.0,100,50.521425
50.0,100,50.552468
537.0,100,50.57994
447.5,100,51.012821
482.5,100,51.042093
118.0,100,51.07156
570.0,100,51.101438
582.0,100,51.132673
542.5,100,51.165622
565.66901,100,51.197447
476.0,100,51.232603
495.0,100,51.266826
610.0,100,51.299471
415.0,100,51.331653
299.0,100,51.363866
591.5,100,51.393805
552.0,100,51.425292
300.352661,100,51.456561
426.0,100,51.486265
52.0,100,51.518255
472.5,100,51.546704
112.0,100,51.574608
-75.462894,100,51.604105
476.0,100,51.634088
377.5,100,52.069698
349.5,100,52.098458
610.5,100,52.129109
569.0,100,52.158646
552.0,100,52.19087
615.0,100,52.22551
72.0,100,52.254102
132.0,100,52.283435
468.5,100,52.311474
603.0,100,52.339332
470.080307,100,52.366171
526.0,100,52.392925
-841.104614,100,52.420029
540.5,100,52.447135
245.5,100,52.473987
-92.962894,100,52.500814
584.0,100,52.528063
532.293255,100,52.555182
542.5,100,52.582216
540.0,100,52.613932
654.5,100,53.078752
82.0,100,53.11209
584.5,100,53.14167
254.847153,100,53.173537
575.0,100,53.208035
148.0,100,53.242049
256.5,100,53.271486
269.0,100,53.300851
631.5,100,53.329039
282.101501,100,53.357806
501.0,100,53.392012
590.0,100,53.423
-153.762131,100,53.453819
540.5,100,53.487123
541.5,100,53.515253
466.13357,100,53.545404
563.5,100,53.573847
321.0,100,53.601656
597.0,100,53.635196
407.0,100,53.668872
505.0,100,54.140382
114.0,100,54.168743
390.066071,100,54.200362
333.0,100,54.234571
-2730.0,100,54.2677
413.5,100,54.295998
483.0,100,54.32988
520.0,100,54.361836
508.5,100,54.389249
551.5,100,54.417182
-58.693329,100,54.445627
588.5,100,54.474652
567.0,100,54.505161
630.0,100,54.534495
359.5,100,54.564633
104.0,100,54.592549
575.0,100,54.620519
386.0,100,54.648857
467.0,100,54.676109
478.0,100,54.706545
527.0,100,54.735267
635.5,100,55.16984
548.5,100,55.197807
540.0,100,55.22611
581.0,100,55.254032
364.846924,100,55.281297
212.508499,100,55.309034
441.0,100,55.336764
480.5,100,55.364052
374.0,100,55.393024
505.0,100,55.421504
580.5,100,55.451351
641.0,100,55.478819
54.0,100,55.506079
578.0,100,55.536711
618.0,100,55.569761
549.0,100,55.598172
48.0,100,55.630509
538.5,100,55.664014
537.0,100,55.698903
569.5,100,55.729859
484.0,100,56.200098
584.5,100,56.238423
-227.396759,100,56.268012
545.0,100,56.297956
20.965427,100,56.328511
528.0,100,56.358979
469.5,100,56.389804
624.0,100,56.421574
618.5,100,56.454309
533.0,100,56.485748
590.0,100,56.51596
650.5,100,56.546298
570.0,100,56.574713
244.5,100,56.607009
538.5,100,56.63766
519.5,100,56.669791
255.30986,100,56.707294
565.5,100,56.738317
505.0,100,56.767868
1.205811,100,56.802336
499.5,100,56.833251
519.204876,100,57.280686
311.5,100,57.310783
558.0,100,57.340378
529.5,100,57.371182
104.0,100,57.402165
441.0,100,57.430281
379.5,100,57.459628
525.5,100,57.488664
367.5,100,57.515356
446.5,100,57.542916
124.0,100,57.572382
603.0,100,57.605433
597.5,100,57.639184
588.5,100,57.67018
635.0,100,57.700052
388.0,100,57.730143
499.5,100,57.759201
503.0,100,57.788197
618.5,100,57.816372
561.5,100,57.84553
596.0,100,58.297425
347.5,100,58.325545
583.0,100,58.355291
543.0,100,58.38643
64.0,100,58.414604
537.5,100,58.44605
605.0,100,58.476844
567.5,100,58.508217
592.5,100,58.538072
355.34761,100,58.569538
133.5,100,58.597943
600.5,100,58.629046
484.5,100,58.666541
430.5,100,58.698537
534.0,100,58.730719
140.516281,100,58.762612
547.0,100,58.793574
581.5,100,58.822921
420.0,100,58.854029
583.5,100,58.888558
529.0,100,58.92354
541.0,100,59.364531
564.0,100,59.392549
613.5,100,59.419672
616.5,100,59.447163
581.0,100,59.476224
611.5,100,59.506825
572.5,100,59.535658
70.0,100,59.562992
589.0,100,59.58958
559.5,100,59.619559
377.5,100,59.648701
382.5,100,59.678288
50.0,100,59.70737
571.0,100,59.735545
390.0,100,59.763316
163.0,100,59.790895
554.0,100,59.819417
344.5,100,59.850303
583.0,100,59.880297
134.0,100,59.910159
603.0,100,60.377001
347.819164,100,60.405236
130.0,100,60.436248
510.0,100,60.471375
46.0,100,60.501199
491.5,100,60.529697
626.5,100,60.560238
444.0,100,60.59093
503.5,100,60.621156
451.0,100,60.651551
510.0,100,60.682626
571.0,100,60.709822
141.5,100,60.743404
647.0,100,60.774969
555.0,100,60.807082
614.5,100,60.83684
89.743607,100,60.865123
33.958092,100,60.891969
664.0,100,60.919128
643.0,100,60.945421
488.0,100,60.974602
64.0,100,61.404018
458.389969,100,61.431464
414.0,100,61.46501
116.0,100,61.498617
524.0,100,61.533056
594.0,100,61.564409
552.5,100,61.596318
604.5,100,61.63017
518.004532,100,61.663728
641.0,100,61.697442
596.0,100,61.731366
610.5,100,61.761631
686.0,100,61.78997
-425.694366,100,61.818156
601.5,100,61.845896
295.765808,100,61.874913
703.0,100,61.902804
427.5,100,61.933703
94.0,100,61.963796
382.87558,100,61.993005
635.0,100,62.466833
675.5,100,62.503538
646.5,100,62.53809
624.5,100,62.572478
39.182701,100,62.603409
673.0,100,62.63642
357.519241,100,62.672125
566.874599,100,62.705328
692.0,100,62.735595
641.0,100,62.768955
671.0,100,62.801228
588.0,100,62.834062
654.0,100,62.867166
185.0,100,62.900692
126.0,100,62.930233
469.0,100,62.961475
621.5,100,62.992992
491.5,100,63.026513
581.0,100,63.057169
660.0,100,63.091252
533.0,100,63.123717
298.64772,100,63.613322
249.230598,100,63.642932
275.0,100,63.673057
-2345.0,100,63.703128
565.0,100,63.735163
566.05703,100,63.765091
697.5,100,63.795228
654.0,100,63.823975
143.5,100,63.851818
346.291534,100,63.880904
675.0,100,63.911862
510.5,100,63.940795
562.0,100,63.972272
595.5,100,64.001566
474.010544,100,64.03544
597.0,100,64.066374
501.5,100,64.093836
594.0,100,64.121435
634.0,100,64.152395
576.5,100,64.180286
605.0,100,64.629447
466.394026,100,64.658084
126.0,100,64.686912
68.0,100,64.716334
308.5,100,64.750082
665.5,100,64.777251
538.5,100,64.805138
677.5,100,64.833805
580.0,100,64.860353
533.5,100,64.887487
361.5,100,64.915612
560.0,100,64.942991
590.5,100,64.97226
620.5,100,65.001954
617.5,100,65.032848
-328.216187,100,65.06205
547.5,100,65.090454
613.5,100,65.117795
447.0,100,65.144906
481.5,100,65.171369
642.5,100,65.198851
654.5,100,65.61908
523.5,100,65.64794
-454.907043,100,65.678018
604.5,100,65.713377
610.5,100,65.748796
215.5,100,65.782614
590.0,100,65.814866
155.051056,100,65.847986
467.0,100,65.878087
350.026947,100,65.908894
565.5,100,65.94116
533.5,100,65.97162
452.5,100,66.001561
59.302643,100,66.035162
629.5,100,66.068069
451.831779,100,66.102398
489.5,100,66.129546
623.0,100,66.15659
637.5,100,66.189617
68.0,100,66.220448
635.0,100,66.685582
240.107864,100,66.71867
70.0,100,66.748994
618.5,100,66.781487
481.5,100,66.815888
512.0,100,66.846529
590.5,100,66.878094
546.5,100,66.910378
671.0,100,66.942201
355.0,100,66.971521
627.5,100,67.002554
360.5,100,67.034224
590.0,100,67.064575
633.5,100,67.094804
525.0,100,67.123443
154.0,100,67.150514
604.0,100,67.177182
421.5,100,67.203701
613.0,100,67.229995
475.5,100,67.260931
565.0,100,67.289255
615.0,100,67.751761
663.5,100,67.783999
650.0,100,67.81527
560.0,100,67.848265
565.0,100,67.883504
648.5,100,67.916219
337.28022,100,67.947615
351.5,100,67.978966
534.0,100,68.008038
-262.535957,100,68.038946
92.0,100,68.070364
-143.855835,100,68.098642
612.5,100,68.127193
627.5,100,68.157857
631.0,100,68.188503
-79.169098,100,68.217172
639.5,100,68.248841
501.0,100,68.278932
-656.612755,100,68.311156
664.0,100,68.341336
468.5,100,68.788731
514.5,100,68.821243
584.0,100,68.85292
303.932098,100,68.883946
618.5,100,68.914739
76.0,100,68.947286
615.0,100,68.979127
573.0,100,69.012578
386.0,100,69.044397
537.5,100,69.077487
84.0,100,69.109665
584.5,100,69.140958
735.5,100,69.17391
582.0,100,69.208146
557.0,100,69.240249
365.5,100,69.277129
208.835358,100,69.310161
556.0,100,69.347706
549.5,100,69.378942
586.5,100,69.412272
592.0,100,69.444104
599.5,100,69.908421
483.5,100,69.937372
614.5,100,69.967007
398.0,100,69.995193
636.0,100,70.023559
646.5,100,70.052113
624.0,100,70.083876
624.0,100,70.120796
325.5,100,70.157947
136.0,100,70.186493
105.374329,100,70.216362
502.0,100,70.244656
301.5,100,70.274247
538.5,100,70.305435
559.5,100,70.339618
592.0,100,70.37318
600.0,100,70.408137
157.5,100,70.439078
642.5,100,70.479841
510.0,100,70.522135
-650.083923,100,70.969412
66.0,100,71.003114
533.0,100,71.036477
104.0,100,71.064982
454.5,100,71.093516
146.0,100,71.120025
518.0,100,71.146529
419.0,100,71.174473
567.0,100,71.200884
560.0,100,71.228072
569.0,100,71.254761
515.5,100,71.28109
605.0,100,71.308336
635.5,100,71.335151
578.5,100,71.362244
126.0,100,71.389418
597.0,100,71.417466
609.0,100,71.444487
554.0,100,71.471051
367.961136,100,71.498921
629.5,100,71.529403
488.0,100,71.951336
675.5,100,71.984059
88.0,100,72.015756
377.151787,100,72.046582
272.647812,100,72.074144
616.5,100,72.102376
147.5,100,72.130922
646.5,100,72.158908
649.0,100,72.195632
666.0,100,72.232877
667.5,100,72.266194
274.021515,100,72.297498
525.5,100,72.326045
618.5,100,72.353605
728.0,100,72.380966
172.0,100,72.412171
567.5,100,72.440711
487.5,100,72.467326
574.5,100,72.494426
556.0,100,72.521879
623.5,100,72.953235
134.0,100,72.985917
690.0,100,73.014325
481.5,100,73.042776
645.5,100,73.071624
482.0,100,73.099632
72.435791,100,73.127696
548.5,100,73.156074
54.0,100,73.186743
621.5,100,73.215767
657.5,100,73.245233
589.5,100,73.275974
160.218674,100,73.304987
214.0,100,73.334153
352.5,100,73.360984
584.5,100,73.387892
605.0,100,73.414547
631.5,100,73.441104
647.0,100,73.468086
584.0,100,73.494801
590.0,100,73.52739
94.0,100,73.94693
432.0,100,73.979491
180.0,100,74.007794
-182.800415,100,74.035077
52.0,100,74.067026
-727.917969,100,74.094627
623.5,100,74.125891
487.0,100,74.157676
630.5,100,74.192255
648.5,100,74.223022
637.5,100,74.251967
485.0,100,74.280045
544.5,100,74.313689
50.0,100,74.341757
562.0,100,74.370842
567.0,100,74.39998
635.0,100,74.430213
621.0,100,74.462319
546.5,100,74.489861
622.0,100,74.519263
692.0,100,74.92676
669.0,100,74.954876
631.0,100,74.985664
166.0,100,75.014047
488.0,100,75.041651
697.5,100,75.070501
379.5,100,75.100183
561.5,100,75.134113
669.5,100,75.168063
541.0,100,75.206154
246.533752,100,75.238712
464.5,100,75.269883
557.5,100,75.300033
667.5,100,75.333181
431.389969,100,75.364598
622.0,100,75.398687
236.0,100,75.432034
541.0,100,75.461818
660.0,100,75.489795
646.5,100,75.518038
390.5,100,75.546128
580.5,100,76.008409
648.5,100,76.041174
435.5,100,76.072534
726.0,100,76.10339
294.0,100,76.137306
144.0,100,76.175412
695.5,100,76.208024
598.0,100,76.238175
499.5,100,76.266983
72.654091,100,76.295751
479.0,100,76.325167
-213.839233,100,76.354322
571.0,100,76.38406
609.0,100,76.414338
512.5,100,76.44433
595.5,100,76.474928
578.5,100,76.50161
453.0,100,76.528404
-81.744598,100,76.557384
204.005402,100,76.586486
158.0,100,77.06264
659.5,100,77.091716
86.0,100,77.1201
726.5,100,77.151834
303.0,100,77.184384
254.25412,100,77.217875
633.0,100,77.247821
96.0,100,77.276741
654.0,100,77.305477
682.5,100,77.33313
248.5,100,77.363973
633.5,100,77.393367
133.0,100,77.422524
637.0,100,77.451919
247.99176,100,77.48067
647.0,100,77.510331
-9.607605,100,77.540253
683.0,100,77.570515
467.5,100,77.601273
327.0,100,77.633314
626.0,100,77.665528
152.0,100,78.161614
-364.094139,100,78.18796
559.5,100,78.218794
148.977722,100,78.252584
574.0,100,78.283544
666.0,100,78.3146
48.0,100,78.346431
640.5,100,78.376414
603.0,100,78.406534
663.5,100,78.441361
438.0,100,78.473024
553.5,100,78.503058
78.0,100,78.532688
247.73468,100,78.56169
735.5,100,78.591533
547.0,100,78.622025
66.0,100,78.653432
313.5,100,78.682688
614.5,100,78.71246
102.0,100,78.747434
498.0,100,79.197362
465.0,100,79.227946
656.0,100,79.257434
466.0,100,79.287545
556.0,100,79.318089
490.5,100,79.350685
593.5,100,79.38591
481.5,100,79.419795
410.0,100,79.453302
654.0,100,79.482007
591.5,100,79.514473
533.0,100,79.54368
565.0,100,79.573512
588.0,100,79.603413
616.0,100,79.634077
684.5,100,79.667071
611.0,100,79.695831
357.5,100,79.725695
641.5,100,79.756308
-181.627075,100,79.787382
435.0,100,80.244477
534.0,100,80.276317
107.725983,100,80.304759
-42.844269,100,80.332384
339.0,100,80.367578
474.0,100,80.399532
302.0,100,80.43071
576.5,100,80.463559
571.5,100,80.495666
50.0,100,80.527765
637.0,100,80.561043
678.5,100,80.590439
678.5,100,80.618102
383.170124,100,80.645665
599.0,100,80.67356
614.0,100,80.702911
301.483597,100,80.731706
684.5,100,80.764629
586.0,100,80.79681
610.5,100,80.825874
656.0,100,80.854307
652.0,100,81.320382
476.5,100,81.35487
531.0,100,81.387601
391.0,100,81.42131
662.0,100,81.456198
618.0,100,81.488921
133.5,100,81.521066
695.5,100,81.553119
571.0,100,81.588425
507.5,100,81.626397
500.5,100,81.657605
48.0,100,81.68619
416.0,100,81.715416
396.5,100,81.743955
555.5,100,81.772645
469.0,100,81.802882
355.55069,100,81.833151
398.720932,100,81.864272
646.5,100,81.893992
512.5,100,81.922682
580.0,100,82.383189
326.914124,100,82.414929
604.5,100,82.448398
134.900124,100,82.481586
623.5,100,82.515536
637.5,100,82.553054
621.5,100,82.585841
658.0,100,82.616777
720.5,100,82.646571
58.0,100,82.676111
64.0,100,82.708952
580.5,100,82.739269
627.5,100,82.768798
70.0,100,82.798804
665.5,100,82.826332
635.0,100,82.852943
248.5,100,82.880184
621.0,100,82.906637
384.0,100,82.933606
471.5,100,82.960806
-103.704895,100,82.989512
112.0,100,83.487715
119.5,100,83.517466
-140.542618,100,83.549371
599.0,100,83.581037
74.0,100,83.61259
681.0,100,83.646862
630.0,100,83.676236
722.5,100,83.706089
542.5,100,83.736955
108.0,100,83.767926
120.0,100,83.797753
130.0,100,83.827258
671.0,100,83.858201
633.5,100,83.88853
443.5,100,83.920125
481.5,100,83.951748
620.5,100,83.982557
679.0,100,84.014448
391.0,100,84.043792
650.5,100,84.073392
561.845022,100,84.548102
335.5,100,84.577475
438.0,100,84.606703
447.0,100,84.635096
508.5,100,84.665828
517.0,100,84.695754
475.5,100,84.724705
684.5,100,84.7546
595.5,100,84.784205
304.597229,100,84.814264
127.903183,100,84.844544
304.0,100,84.876187
419.0,100,84.905866
646.5,100,84.936695
387.5,100,84.970301
609.0,100,85.003215
595.5,100,85.034521
637.0,100,85.066799
696.0,100,85.097657
597.5,100,85.126013
690.0,100,85.153801
512.5,100,85.615761
50.0,100,85.647636
80.0,100,85.680012
673.0,100,85.711763
389.397064,100,85.743741
600.0,100,85.771897
644.5,100,85.798838
627.5,100,85.826184
458.0,100,85.852728
93.485474,100,85.879596
457.0,100,85.907126
62.0,100,85.93617
78.0,100,85.967716
480.0,100,85.997647
142.946625,100,86.03426
629.5,100,86.062503
610.5,100,86.088902
131.232182,100,86.117444
147.5,100,86.145227
671.0,100,86.171424
663.5,100,86.605464
238.5,100,86.632715
539.5,100,86.675117
68.0,100,86.704954
743.0,100,86.734185
534.0,100,86.7641
102.0,100,86.796356
378.137238,100,86.826207
607.0,100,86.855841
360.0,100,86.88717
517.0,100,86.915897
436.5,100,86.942842
610.0,100,86.970423
652.5,100,86.998188
586.0,100,87.026376
328.320694,100,87.055502
614.0,100,87.08418
569.0,100,87.114708
615.0,100,87.144255
680.5,100,87.173804
660.0,100,87.202704
108.0,100,87.632816
607.0,100,87.662478
468.0,100,87.692252
630.0,100,87.721413
520.5,100,87.749773
-219.839233,100,87.77872
562.0,100,87.807419
665.5,100,87.837502
96.564087,100,87.867069
626.5,100,87.896534
109.637543,100,87.925292
398.5,100,87.954978
74.0,100,87.98648
608.5,100,88.019055
667.5,100,88.050127
580.0,100,88.08425
631.5,100,88.116834
678.5,100,88.150667
686.5,100,88.181596
255.5,100,88.209034
126.0,100,88.613261
540.5,100,88.6464
92.0,100,88.677573
663.5,100,88.706138
650.0,100,88.737164
671.0,100,88.76536
490.0,100,88.793285
578.5,100,88.826521
418.0,100,88.856982
690.5,100,88.888276
259.0,100,88.919671
654.5,100,88.948256
523.5,100,88.976819
365.0,100,89.005218
569.0,100,89.033879
224.0,100,89.065038
559.5,100,89.100605
603.5,100,89.130916
576.5,100,89.159719
654.5,100,89.188444
-580.425735,100,89.217062
-91.0466,100,89.61984
618.0,100,89.653207
627.5,100,89.685986
614.0,100,89.713863
562.0,100,89.742637
70.0,100,89.770194
571.0,100,89.797752
622.0,100,89.829044
267.5,100,89.858006
575.0,100,89.891448
648.5,100,89.922248
27.958092,100,89.952696
375.5,100,89.987201
466.5,100,90.020952
608.5,100,90.050797
531.0,100,90.079914
422.0,100,90.109904
31.335907,100,90.138529
658.0,100,90.168162
667.5,100,90.200229
-550.120483,100,90.648715
417.5,100,90.680598
475.5,100,90.713256
411.5,100,90.74575
584.0,100,90.779354
467.0,100,90.811147
608.5,100,90.842692
481.5,100,90.877804
-1411.376907,100,90.910217
344.0,100,90.940383
290.0,100,90.970375
501.0,100,91.001083
679.0,100,91.032578
449.5,100,91.063158
475.0,100,91.093616
570.0,100,91.123922
637.5,100,91.162577
571.0,100,91.191787
527.0,100,91.220965
129.0,100,91.250769
48.0,100,91.278854
436.0,100,91.704824
411.5,100,91.735081
454.5,100,91.766627
534.5,100,91.796688
62.0,100,91.82779
614.0,100,91.858537
563.0,100,91.889198
448.5,100,91.916488
567.5,100,91.944018
88.0,100,91.973091
149.5,100,92.004571
616.0,100,92.033175
108.42131,100,92.06075
620.0,100,92.087748
652.0,100,92.115072
522.0,100,92.144437
538.5,100,92.173589
214.5,100,92.20225
50.0,100,92.229763
58.0,100,92.256396
614.0,100,92.677963
108.0,100,92.709241
648.5,100,92.750028
595.0,100,92.787777
558.0,100,92.824089
76.0,100,92.855664
576.5,100,92.892803
514.0,100,92.926561
642.5,100,92.958949
528.0,100,92.989777
609.0,100,93.019108
637.0,100,93.049223
84.0,100,93.078947
625.5,100,93.108699
682.5,100,93.141035
711.0,100,93.174104
384.5,100,93.204864
642.5,100,93.234228
48.0,100,93.266546
566.5,100,93.30201
569.0,100,93.332943
614.5,100,93.756762
633.0,100,93.787842
552.5,100,93.822815
104.0,100,93.854825
680.5,100,93.886135
547.5,100,93.917691
313.5,100,93.950323
635.0,100,93.985502
500.5,100,94.017931
603.0,100,94.046506
56.0,100,94.074732
652.5,100,94.102203
-76.28186,100,94.129741
464.0,100,94.158694
531.0,100,94.188285
615.0,100,94.218088
714.5,100,94.246943
561.5,100,94.275244
605.5,100,94.30247
60.0,100,94.330065
481.5,100,94.743484
312.0,100,94.771131
220.5,100,94.797971
692.0,100,94.824332
610.5,100,94.853515
544.5,100,94.880871
684.5,100,94.908211
623.5,100,94.938775
319.5,100,94.96773
540.0,100,94.994445
592.0,100,95.021147
476.5,100,95.050985
593.5,100,95.078773
250.5,100,95.107467
626.5,100,95.137142
590.5,100,95.171288
169.632935,100,95.203554
642.5,100,95.233066
554.0,100,95.26153
175.082489,100,95.290072
-821.105392,100,95.319167
231.5,100,95.733202
405.0,100,95.763621
618.0,100,95.794855
648.0,100,95.82181
525.5,100,95.851202
80.0,100,95.879908
591.5,100,95.909978
124.5,100,95.937862
754.5,100,95.964913
226.0,100,95.994899
601.5,100,96.024134
-268.189728,100,96.052958
285.0,100,96.081757
92.0,100,96.111832
120.5,100,96.143249
530.0,100,96.175481
494.5,100,96.206434
277.5,100,96.237607
319.5,100,96.266742
478.0,100,96.296491
581.5,100,96.728449
614.5,100,96.758859
454.5,100,96.790742
456.0,100,96.820884
381.678711,100,96.858232
679.0,100,96.891215
592.0,100,96.923594
692.0,100,96.957241
603.5,100,96.989152
52.0,100,97.022133
229.5,100,97.051053
599.0,100,97.083673
559.5,100,97.116516
368.96553,100,97.150698
479.0,100,97.180745
673.0,100,97.209757
578.0,100,97.239393
327.5,100,97.268516
637.0,100,97.298717
114.0,100,97.32808
416.5,100,97.356965
96.0,100,97.78233
58.0,100,97.81817
593.5,100,97.849324
138.0,100,97.884779
114.0,100,97.917376
70.0,100,97.947683
543.0,100,97.979918
-194.832367,100,98.007301
145.5,100,98.034733
578.0,100,98.064175
669.0,100,98.09422
366.5,100,98.122547
347.0,100,98.151641
122.0,100,98.182634
-385.367126,100,98.211444
690.0,100,98.240201
603.0,100,98.269145
593.5,100,98.297601
754.5,100,98.326593
106.0,100,98.356484
610.5,100,98.813887
450.5,100,98.846708
678.5,100,98.877648
455.279408,100,98.908333
707.0,100,98.939884
511.5,100,98.969733
578.5,100,99.000855
592.0,100,99.033762
633.5,100,99.065104
661.5,100,99.091702
104.0,100,99.118241
450.5,100,99.148106
563.5,100,99.175405
540.138222,100,99.202677
750.5,100,99.232585
688.0,100,99.261089
667.5,100,99.290508
147.999298,100,99.319965
631.5,100,99.350338
458.5,100,99.382714
665.5,100,99.415712
219.258881,100,99.85777
567.0,100,99.889136
456.0,100,99.919819
635.0,100,99.953411
605.0,100,99.982181
571.0,100,100.010525
631.5,100,100.040274
490.0,100,100.067483
66.0,100,100.094775
599.0,100,100.121637
671.0,100,100.1497
503.5,100,100.179993
752.5,100,100.213261
614.5,100,100.241508
114.0,100,100.269232
-406.071289,100,100.295612
566.5,100,100.324403
524.0,100,100.354933
633.0,100,100.382965
563.0,100,100.41328
627.5,100,100.832324
454.5,100,100.860543
612.5,100,100.891244
424.0,100,100.923761
580.5,100,100.953485
535.0,100,100.983317
93.0,100,101.01379
506.5,100,101.045675
511.5,100,101.075832
679.5,100,101.104179
442.0,100,101.134969
628.0,100,101.163872
322.0,100,101.192917
646.5,100,101.220562
630.0,100,101.250091
54.0,100,101.278163
662.0,100,101.306367
50.0,100,101.335047
543.5,100,101.36671
605.0,100,101.396267
317.0,100,101.427464
328.5,100,101.850991
516.5,100,101.879287
194.5,100,101.907472
569.5,100,101.936382
597.0,100,101.964956
569.0,100,101.993428
591.5,100,102.021788
648.5,100,102.049875
287.0,100,102.080106
72.0,100,102.110985
595.5,100,102.142086
571.5,100,102.16892
48.0,100,102.197555
58.0,100,102.229238
537.0,100,102.256928
565.0,100,102.286517
428.0,100,102.313308
578.5,100,102.340724
678.5,100,102.368086
536.0,100,102.394916
-95.603088,100,102.781923
677.0,100,102.808744
92.0,100,102.838512
211.0,100,102.865585
661.5,100,102.893499
180.0,100,102.921383
610.5,100,102.948371
495.0,100,102.97566
491.0,100,103.002182
610.5,100,103.029002
597.5,100,103.055432
656.0,100,103.082219
752.5,100,103.114821
506.5,100,103.144869
561.5,100,103.174017
595.5,100,103.202702
618.0,100,103.231461
597.0,100,103.259989
610.5,100,103.288582
90.0,100,103.316591
66.0,100,103.345779
358.5,100,103.807553
90.0,100,103.84269
517.5,100,103.87671
601.5,100,103.906637
720.5,100,103.936185
443.5,100,103.965539
532.0,100,103.994577
639.0,100,104.021759
281.5,100,104.048845
430.0,100,104.076083
743.0,100,104.103993
648.5,100,104.134045
430.0,100,104.163099
390.5,100,104.193104
634.0,100,104.225121
599.5,100,104.259691
108.0,100,104.289898
705.5,100,104.317613
590.5,100,104.348129
-818.392853,100,104.379042
671.0,100,104.80494
574.5,100,104.834085
684.5,100,104.867618
583.5,100,104.898768
550.974459,100,104.928907
703.5,100,104.959591
16.951904,100,104.98799
329.989693,100,105.017756
623.5,100,105.046904
613.0,100,105.077524
72.990091,100,105.106745
559.0,100,105.135975
619.0,100,105.165337
238.887756,100,105.19689
556.0,100,105.227016
44.144417,100,105.261088
126.0,100,105.294774
329.7276,100,105.328538
601.5,100,105.363108
418.0,100,105.397516
607.5,100,105.838012
652.5,100,105.868495
-1338.555237,100,105.901153
542.0,100,105.933322
707.5,100,105.961455
692.0,100,105.99169
631.5,100,106.022521
557.5,100,106.052801
506.5,100,106.080152
534.5,100,106.108932
675.0,100,106.138865
68.0,100,106.168051
506.0,100,106.197089
393.083679,100,106.227004
620.0,100,106.253635
288.0,100,106.280051
667.0,100,106.306588
520.0,100,106.333083
673.5,100,106.359816
620.5,100,106.38909
694.0,100,106.420949
642.5,100,106.836986
752.5,100,106.867617
697.5,100,106.896941
534.0,100,106.92844
276.0,100,106.955895
570.693974,100,106.982947
737.5,100,107.010484
72.0,100,107.037764
456.5,100,107.064551
665.5,100,107.091158
690.5,100,107.117708
658.0,100,107.145608
673.0,100,107.175412
614.5,100,107.209278
548.5,100,107.237707
637.0,100,107.26664
205.0,100,107.293379
714.5,100,107.319742
750.5,100,107.346798
671.0,100,107.374247
491.0,100,107.785301
156.0,100,107.817751
519.5,100,107.845801
74.0,100,107.874074
631.5,100,107.901591
516.0,100,107.930862
66.855682,100,107.959589
595.5,100,107.987921
645.5,100,108.016577
605.0,100,108.045088
56.0,100,108.07389
553.0,100,108.103512
496.0,100,108.132865
586.5,100,108.162335
364.5,100,108.190744
667.5,100,108.2203
652.5,100,108.248622
602.0,100,108.277931
331.7978,100,108.306736
105.5,100,108.335098
608.5,100,108.364161
48.0,100,108.77991
657.5,100,108.810909
547.5,100,108.842225
125.557388,100,108.871328
632.0,100,108.901222
533.5,100,108.931277
518.5,100,108.960989
38.855835,100,108.99023
667.5,100,109.023417
553.5,100,109.055089
607.0,100,109.085287
72.0,100,109.116188
269.0,100,109.14528
-246.559113,100,109.174138
635.0,100,109.204674
577.0,100,109.233311
460.678146,100,109.263102
428.0,100,109.293399
532.0,100,109.320487
93.5,100,109.346797
631.5,100,109.803974
720.5,100,109.831547
539.0,100,109.858033
622.5,100,109.884516
620.5,100,109.910594
629.5,100,109.937215
694.0,100,109.968786
134.0,100,110.001055
575.5,100,110.027967
-199.839233,100,110.054355
326.5,100,110.086479
546.5,100,110.119742
224.0,100,110.152895
489.5,100,110.18486
102.0,100,110.213749
614.0,100,110.244639
129.5,100,110.276896
630.0,100,110.308536
580.5,100,110.33676
420.0,100,110.365018
193.5,100,110.39729
377.0,100,110.839335
592.0,100,110.870831
724.0,100,110.900821
535.5,100,110.927947
99.0,100,110.955719
413.5,100,110.982831
446.5,100,111.012028
576.5,100,111.042196
631.5,100,111.074994
315.5,100,111.108441
593.0,100,111.140307
622.0,100,111.171618
597.0,100,111.2037
374.508011,100,111.232626
54.0,100,111.264378
560.0,100,111.294236
573.5,100,111.325694
581.0,100,111.354181
110.0,100,111.389449
600.0,100,111.420749
582.0,100,111.844595
-235.403992,100,111.873706
542.5,100,111.906543
52.0,100,111.939387
576.5,100,111.96839
646.5,100,111.99659
464.0,100,112.02821
595.5,100,112.062615
304.0,100,112.095989
648.0,100,112.129512
537.0,100,112.162037
629.5,100,112.193809
588.0,100,112.224015
493.0,100,112.251811
110.0,100,112.282022
318.5,100,112.314063
603.5,100,112.343909
376.0,100,112.373813
669.5,100,112.405561
519.0,100,112.43589
94.0,100,112.470247
270.0,100,112.929111
697.5,100,112.957625
52.0,100,112.986165
78.0,100,113.015194
577.0,100,113.043041
701.5,100,113.0696
622.0,100,113.097171
349.5,100,113.124095
630.0,100,113.151076
289.5,100,113.18049
639.0,100,113.207891
611.5,100,113.235272
527.994164,100,113.262074
565.0,100,113.289909
-474.879517,100,113.317065
698.0,100,113.344052
140.613922,100,113.370952
559.0,100,113.398571
678.5,100,113.425221
613.0,100,113.451698
599.0,100,113.884223
606.5,100,113.916669
495.5,100,113.948387
667.5,100,113.976197
575.0,100,114.003284
623.5,100,114.029851
539.0,100,114.056487
446.0,100,114.083016
496.5,100,114.1095
540.5,100,114.135961
613.0,100,114.162552
647.0,100,114.188941
460.5,100,114.215324
604.0,100,114.241874
660.0,100,114.268308
498.0,100,114.294825
472.0,100,114.321681
357.0,100,114.348327
50.0,100,114.374802
121.5,100,114.401627
555.5,100,114.429047
451.5,100,114.841302
-103.8479,100,114.873216
449.576469,100,114.904938
-216.062149,100,114.933797
115.0,100,114.961497
630.0,100,114.989924
512.579548,100,115.019656
644.5,100,115.050121
669.0,100,115.079746
136.5,100,115.108367
412.5,100,115.1386
592.0,100,115.168911
718.5,100,115.197066
50.0,100,115.225026
195.5,100,115.254513
138.0,100,115.281049
-0.041908,100,115.308317
614.0,100,115.340019
647.0,100,115.367087
366.5,100,115.396909
673.5,100,115.810721
562.0,100,115.844729
652.0,100,115.878793
569.0,100,115.912239
364.0,100,115.944118
35.385376,100,115.972146
612.5,100,116.005792
613.0,100,116.039204
576.5,100,116.066215
641.0,100,116.092984
560.0,100,116.119665
644.5,100,116.146674
130.0,100,116.173714
597.0,100,116.200471
128.0,100,116.227222
548.509071,100,116.253894
616.5,100,116.28065
635.5,100,116.30757
678.5,100,116.334286
524.5,100,116.36132
552.0,100,116.387667
714.5,100,116.791919
569.0,100,116.822732
667.5,100,116.850384
54.379181,100,116.878498
455.931213,100,116.906637
661.5,100,116.934717
62.0,100,116.964173
515.5,100,116.995467
616.0,100,117.028989
622.0,100,117.063911
647.0,100,117.094967
244.657745,100,117.125754
626.0,100,117.155867
633.5,100,117.184516
644.5,100,117.212691
627.5,100,117.239898
48.0,100,117.267493
395.5,100,117.294862
658.0,100,117.322999
559.0,100,117.350447
136.0,100,117.749139
762.0,100,117.777565
705.0,100,117.807761
522.5,100,117.838874
618.0,100,117.868359
756.5,100,117.901212
606.5,100,117.933471
648.0,100,117.962602
658.0,100,117.992748
563.5,100,118.020581
690.0,100,118.047403
620.5,100,118.07417
140.0,100,118.108031
656.5,100,118.140331
635.5,100,118.16673
305.5,100,118.193599
659.5,100,118.220692
694.0,100,118.247324
625.5,100,118.274177
567.5,100,118.300714
523.0,100,118.327635
644.5,100,118.736898
690.0,100,118.765018
-823.104614,100,118.794737
400.0,100,118.824177
378.0,100,118.852482
119.0,100,118.881692
713.0,100,118.909875
613.0,100,118.938233
588.0,100,118.971731
73.130199,100,119.00319
637.0,100,119.033584
292.0,100,119.066791
646.5,100,119.098014
643.5,100,119.1301
645.0,100,119.16419
-465.161819,100,119.196313
663.5,100,119.224525
380.0,100,119.256581
614.0,100,119.286565
679.0,100,119.315583
50.0,100,119.761359
618.5,100,119.792987
131.0,100,119.821015
587.5,100,119.84961
614.0,100,119.876907
493.5,100,119.903665
593.5,100,119.939437
485.5,100,119.971441
669.5,100,119.999569
-182.734802,100,120.02675
629.5,100,120.055118
461.0,100,120.081715
62.0,100,120.108039
550.5,100,120.134529
705.5,100,120.160997
517.0,100,120.187548
364.0,100,120.21389
595.5,100,120.240173
633.5,100,120.2668
669.5,100,120.293006
482.5,100,120.321522
579.0,100,120.750006
592.0,100,120.777906
68.0,100,120.812189
424.5,100,120.844908
591.5,100,120.875117
227.0,100,120.906693
573.0,100,120.942542
608.5,100,120.972534
553.5,100,121.002196
445.007217,100,121.033879
589.5,100,121.065573
573.0,100,121.092904
588.0,100,121.120241
616.0,100,121.148903
633.5,100,121.176523
677.0,100,121.205046
453.0,100,121.231476
612.5,100,121.258056
573.0,100,121.287162
643.0,100,121.316473
609.0,100,121.717905
495.0,100,121.748311
296.0,100,121.77743
648.0,100,121.804916
243.400208,100,121.831708
644.5,100,121.858631
473.5,100,121.885323
106.0,100,121.912001
506.0,100,121.93873
503.5,100,121.965801
576.5,100,121.992964
-1279.280384,100,122.019581
112.0,100,122.046268
607.0,100,122.073775
473.618992,100,122.101625
612.0,100,122.127995
270.0,100,122.155529
343.0,100,122.182967
698.0,100,122.209482
616.5,100,122.235815
597.0,100,122.262829
92.0,100,122.651995
578.5,100,122.6794
620.0,100,122.70631
663.5,100,122.733671
559.5,100,122.760748
676.5,100,122.787075
298.315319,100,122.817812
128.0,100,122.844048
484.0,100,122.871309
610.5,100,122.897952
575.0,100,122.924561
618.0,100,122.951291
487.5,100,122.978745
631.5,100,123.005904
756.5,100,123.032331
639.0,100,123.059174
303.343018,100,123.085733
225.652191,100,123.112188
618.0,100,123.141457
205.31427,100,123.172015
646.5,100,123.570777
634.0,100,123.601066
611.141052,100,123.63023
118.0,100,123.660165
671.0,100,123.688857
563.5,100,123.716184
426.5,100,123.74289
359.0,100,123.776992
629.5,100,123.810066
599.5,100,123.843526
48.0,100,123.87388
535.5,100,123.904933
563.0,100,123.937205
311.82782,100,123.972285
641.0,100,124.003129
565.5,100,124.036846
298.0,100,124.06988
-2.962894,100,124.102109
429.5,100,124.13408
587.5,100,124.166151
493.5,100,124.195511
599.0,100,124.62438
428.5,100,124.653608
644.5,100,124.682807
-109.509338,100,124.712399
608.5,100,124.741024
709.0,100,124.767805
758.5,100,124.795445
588.0,100,124.826851
612.5,100,124.859336
553.0,100,124.890799
68.847572,100,124.919666
405.5,100,124.948026
-338.583847,100,124.979419
586.0,100,125.006579
314.5,100,125.039289
582.0,100,125.073329
511.0,100,125.107507
277.5,100,125.137662
483.5,100,125.164585
739.5,100,125.19248
284.0,100,125.6269
420.5,100,125.656953
48.0,100,125.686166
325.0,100,125.718625
602.5,100,125.749707
585.5,100,125.782992
529.5,100,125.817667
548.0,100,125.848928
250.0,100,125.879816
355.5,100,125.907882
673.5,100,125.936187
450.5,100,125.967861
671.0,100,125.999075
673.0,100,126.030987
698.0,100,126.061877
496.5,100,126.093271
671.5,100,126.122375
711.0,100,126.152635
294.799366,100,126.183441
654.0,100,126.212564
506.5,100,126.24192
398.0,100,126.666847
644.5,100,126.695395
713.0,100,126.725912
617.0,100,126.756456
535.0,100,126.786262
451.5,100,126.814853
569.5,100,126.843044
-222.0,100,126.870944
569.0,100,126.900491
567.0,100,126.930415
50.0,100,126.958609
545.0,100,126.987275
531.5,100,127.015769
-241.334564,100,127.046251
651.0,100,127.075543
482.5,100,127.109403
574.5,100,127.140537
647.5,100,127.16974
97.5,100,127.197851
527.0,100,127.226397
491.5,100,127.612704
361.0,100,127.640957
569.0,100,127.669905
380.0,100,127.697284
54.0,100,127.725862
84.0,100,127.75357
-1012.682083,100,127.781406
577.0,100,127.808818
415.5,100,127.835426
340.5,100,127.862882
372.5,100,127.890433
375.260086,100,127.91741
591.5,100,127.944738
252.5,100,127.971533
586.5,100,127.998587
626.5,100,128.025878
470.5,100,128.053324
484.5,100,128.079852
126.0,100,128.107018
586.5,100,128.133713
728.0,100,128.159988
582.5,100,128.571677
319.5,100,128.60036
556.5,100,128.62799
607.5,100,128.655538
507.0,100,128.684382
477.0,100,128.71949
302.0,100,128.748296
529.0,100,128.777782
72.0,100,128.810497
509.0,100,128.84187
601.5,100,128.874113
635.5,100,128.904974
515.0,100,128.936218
600.0,100,128.968686
597.5,100,129.000796
511.0,100,129.029905
516.5,100,129.056354
544.5,100,129.085533
480.0,100,129.112658
597.0,100,129.138951
537.0,100,129.574716
629.5,100,129.603078
451.0,100,129.633072
544.5,100,129.660231
590.0,100,129.687423
455.5,100,129.714712
616.5,100,129.741795
576.0,100,129.769099
46.0,100,129.796327
66.0,100,129.832101
327.0,100,129.859925
592.5,100,129.887183
652.5,100,129.917269
106.0,100,129.945651
594.0,100,129.973088
539.0,100,129.999858
296.5,100,130.027778
548.0,100,130.055232
610.5,100,130.08204
441.0,100,130.110458
601.5,100,130.504485
664.0,100,130.534299
667.0,100,130.562502
497.5,100,130.590902
56.0,100,130.61927
563.5,100,130.648078
637.5,100,130.675904
677.0,100,130.705756
375.5,100,130.733429
646.5,100,130.761924
624.0,100,130.792453
682.5,100,130.822905
569.5,100,130.852488
607.0,100,130.881304
435.5,100,130.911017
487.5,100,130.939306
419.0,100,130.969971
685.0,100,131.002553
663.5,100,131.031806
614.5,100,131.060678
548.5,100,131.088516
-259.477966,100,131.502257
541.5,100,131.532648
594.0,100,131.559477
644.5,100,131.586192
571.5,100,131.612679
364.5,100,131.639373
485.5,100,131.66753
632.0,100,131.693906
580.0,100,131.720308
84.0,100,131.746739
661.5,100,131.774676
384.956467,100,131.803858
590.5,100,131.832034
459.5,100,131.865114
534.5,100,131.893992
229.5,100,131.922879
558.0,100,131.952231
-178.800415,100,131.980592
586.5,100,132.0117
494.5,100,132.040282
429.0,100,132.452406
603.0,100,132.482081
586.5,100,132.509608
584.0,100,132.538287
273.0,100,132.568933
434.5,100,132.601234
438.5,100,132.634298
96.0,100,132.66347
548.540306,100,132.691537
692.0,100,132.721036
140.5,100,132.74871
561.5,100,132.776296
56.0,100,132.806063
641.0,100,132.838263
454.5,100,132.869285
265.386169,100,132.898475
671.0,100,132.928819
561.5,100,132.95969
681.0,100,132.994578
-445.387085,100,133.024197
305.5,100,133.053624
62.0,100,133.454799
-147.668152,100,133.483878
609.0,100,133.512494
572.0,100,133.543106
657.5,100,133.571068
565.5,100,133.598415
626.0,100,133.628414
695.5,100,133.658458
597.5,100,133.688713
652.5,100,133.717765
593.5,100,133.747864
556.0,100,133.778581
658.0,100,133.811592
598.0,100,133.843746
641.0,100,133.877329
74.0,100,133.907663
754.5,100,133.938482
677.5,100,133.971838
694.0,100,133.999863
626.0,100,134.034594
616.5,100,134.472748
527.0,100,134.505001
60.0,100,134.541423
640.5,100,134.571879
590.0,100,134.603495
576.5,100,134.635131
128.0,100,134.67281
650.5,100,134.704503
639.0,100,134.7356
517.0,100,134.768566
695.5,100,134.802291
571.5,100,134.831549
606.5,100,134.859025
595.5,100,134.886213
425.0,100,134.913136
586.0,100,134.944922
331.0,100,134.975592
628.0,100,135.005128
558.0,100,135.034848
629.5,100,135.065238
-73.603088,100,135.095268
614.5,100,135.523923
68.0,100,135.553054
699.5,100,135.58048
471.0,100,135.610126
642.5,100,135.643489
686.5,100,135.674582
108.0,100,135.709023
639.5,100,135.747247
578.5,100,135.776098
646.5,100,135.80511
597.5,100,135.832863
652.5,100,135.860327
595.5,100,135.887028
595.5,100,135.913936
675.0,100,135.940935
363.5,100,135.970679
643.0,100,135.998047
225.5,100,136.02722
116.0,100,136.055493
520.0,100,136.083213
542.5,100,136.513458
658.0,100,136.543403
688.0,100,136.574659
477.889969,100,136.604073
714.5,100,136.635493
307.5,100,136.664114
124.0,100,136.692402
614.5,100,136.722599
398.0,100,136.751336
492.0,100,136.781799
50.0,100,136.811296
595.5,100,136.843118
597.5,100,136.871733
574.5,100,136.902038
564.0,100,136.93116
367.5,100,136.962706
633.5,100,136.992518
597.5,100,137.020893
-165.839233,100,137.052909
601.5,100,137.087108
419.0,100,137.122174
357.0,100,137.599386
275.958618,100,137.632208
667.0,100,137.662122
647.0,100,137.692194
648.5,100,137.726144
289.0,100,137.76147
64.0,100,137.793141
303.5,100,137.826081
493.5,100,137.859695
603.0,100,137.893214
425.0,100,137.927111
633.0,100,137.960977
656.5,100,137.994919
669.0,100,138.027914
462.0,100,138.057916
693.5,100,138.086881
683.0,100,138.116865
481.5,100,138.147735
694.0,100,138.182144
603.5,100,138.216092
688.0,100,138.688578
595.0,100,138.722889
278.0,100,138.75699
116.26561,100,138.791857
688.5,100,138.826756
662.0,100,138.859137
321.5,100,138.891244
694.0,100,138.925061
592.0,100,138.959532
148.0,100,138.990283
555.5,100,139.024863
-123.70163,100,139.05975
350.0,100,139.08929
553.5,100,139.117875
108.5,100,139.147507
554.0,100,139.177206
617.0,100,139.209721
646.5,100,139.241619
605.0,100,139.27472
545.0,100,139.311148
130.0,100,139.35269
-26.889679,100,139.809873
682.5,100,139.83828
546.102646,100,139.867316
492.5,100,139.896089
145.450256,100,139.924902
629.0,100,139.954156
389.0,100,139.984847
503.5,100,140.013158
330.756462,100,140.054791
-2015.738403,100,140.088641
110.0,100,140.1171
469.0,100,140.151153
-393.147697,100,140.181362
676.0,100,140.21243
567.5,100,140.239254
326.749779,100,140.268705
444.888596,100,140.295605
629.5,100,140.323017
641.0,100,140.351842
641.0,100,140.379226
602.5,100,140.82445
46.0,100,140.854993
492.5,100,140.884856
652.5,100,140.91506
259.0,100,140.945254
138.0,100,140.97558
593.5,100,141.005153
625.5,100,141.034609
506.0,100,141.066963
702.0,100,141.100384
115.5,100,141.128532
686.0,100,141.155151
626.5,100,141.184279
625.5,100,141.215973
432.649414,100,141.243621
607.0,100,141.274187
624.0,100,141.306037
660.5,100,141.335314
-827.104614,100,141.364046
466.5,100,141.393446
667.5,100,141.422853
642.5,100,141.865331
718.5,100,141.897594
747.0,100,141.924869
376.0,100,141.957329
608.5,100,141.986499
357.0,100,142.019547
433.5,100,142.051306
673.5,100,142.08141
709.0,100,142.114664
572.5,100,142.143808
680.5,100,142.171795
12.037106,100,142.200748
114.5,100,142.227783
122.0,100,142.255548
209.306999,100,142.286108
563.5,100,142.312832
62.0,100,142.339926
368.0,100,142.367331
669.5,100,142.394127
272.5,100,142.421426
-593.246887,100,142.828651
74.5,100,142.858163
54.0,100,142.885074
630.0,100,142.913196
444.5,100,142.940789
613.0,100,142.969041
580.5,100,142.996198
677.0,100,143.02404
620.0,100,143.056415
637.5,100,143.091207
576.5,100,143.123018
591.5,100,143.152713
580.5,100,143.185576
536.5,100,143.213784
584.5,100,143.242616
528.5,100,143.271453
473.5,100,143.299671
599.0,100,143.326448
680.5,100,143.353609
474.5,100,143.380822
392.5,100,143.408068
508.0,100,143.849358
560.5,100,143.877679
392.5,100,143.907362
122.0,100,143.935958
557.5,100,143.96382
-837.104614,100,143.990857
536.566071,100,144.020196
444.5,100,144.051829
434.0,100,144.083365
539.0,100,144.115486
560.0,100,144.143433
718.5,100,144.170308
154.0,100,144.198924
333.607513,100,144.226915
255.723953,100,144.255429
718.5,100,144.283439
538.0,100,144.311714
341.5,100,144.341714
541.5,100,144.3701
427.5,100,144.401082
743.0,100,144.804682
104.0,100,144.834842
141.5,100,144.862592
728.0,100,144.89018
612.5,100,144.918197
120.0,100,144.946805
675.0,100,144.975667
618.0,100,145.004141
714.5,100,145.032589
55.896912,100,145.061808
116.0,100,145.093891
739.5,100,145.123145
629.5,100,145.153238
679.0,100,145.181206
728.0,100,145.211371
603.0,100,145.238891
535.0,100,145.26629
650.0,100,145.294094
620.0,100,145.322124
407.394287,100,145.351383
519.5,100,145.379189
575.0,100,145.784201
631.5,100,145.81171
607.0,100,145.840548
610.5,100,145.869389
249.5,100,145.897269
699.5,100,145.924998
660.0,100,145.95282
283.965473,100,145.981147
598.530266,100,146.010512
215.275085,100,146.038984
648.0,100,146.069296
697.5,100,146.099783
525.5,100,146.131484
524.5,100,146.161228
469.575844,100,146.190104
70.0,100,146.217933
652.0,100,146.24459
667.5,100,146.273358
605.5,100,146.306165
633.5,100,146.337399
745.0,100,146.752766
468.0,100,146.783024
612.5,100,146.814942
331.5,100,146.849367
658.0,100,146.878863
120.5,100,146.905796
739.5,100,146.932645
622.0,100,146.959338
288.5,100,146.98608
626.0,100,147.013113
259.099701,100,147.040582
652.5,100,147.071053
426.5,100,147.101779
58.0,100,147.133261
70.0,100,147.162893
593.5,100,147.193173
613.5,100,147.221116
661.5,100,147.248822
532.092194,100,147.282125
609.0,100,147.311132
671.0,100,147.339926
408.0,100,147.745071
661.5,100,147.774462
80.0,100,147.8027
571.0,100,147.833626
745.0,100,147.861398
635.0,100,147.88876
673.0,100,147.917005
337.0,100,147.945933
675.5,100,147.973571
716.5,100,148.002867
453.0,100,148.033679
541.0,100,148.060853
645.0,100,148.087673
642.5,100,148.114391
82.0,100,148.141362
599.5,100,148.168257
281.5,100,148.195057
396.5,100,148.222598
639.0,100,148.249757
439.0,100,148.277393
129.868189,100,148.673045
48.0,100,148.702535
769.5,100,148.732322
94.0,100,148.76219
492.5,100,148.790234
151.0,100,148.81748
213.5,100,148.845013
106.0,100,148.872983
544.5,100,148.900521
635.0,100,148.927807
586.5,100,148.95591
581.0,100,148.983392
519.5,100,149.010767
656.0,100,149.037985
716.5,100,149.065453
694.0,100,149.092609
537.5,100,149.12027
697.5,100,149.147483
643.0,100,149.174386
701.5,100,149.201842
549.5,100,149.230447
74.0,100,149.623301
652.5,100,149.654034
589.5,100,149.683331
534.5,100,149.712143
572.0,100,149.741714
74.0,100,149.771811
16.353455,100,149.800968
203.069855,100,149.831249
518.5,100,149.864281
648.5,100,149.896231
583.5,100,149.928691
730.0,100,149.961261
639.0,100,149.996301
92.0,100,150.031981
657.5,100,150.063681
523.0,100,150.097499
569.0,100,150.125371
107.628395,100,150.153457
383.5,100,150.183122
741.0,100,150.211527
485.0,100,150.633274
198.0,100,150.87519
675.0,100,151.053526
48.0,100,151.235808
718.5,100,151.405484
646.5,100,151.578076
564.5,100,152.040241
623.5,100,152.219844
