#{"t_start": 1778426763.3120198, "env_id": "None"}
r,l,t
221.916941,100,14.246476
286.289714,100,14.563475
270.325687,100,14.861475
135.080365,100,15.099476
251.147317,100,15.363476
363.529541,100,15.825512
345.358052,100,16.236475
239.743317,100,16.505475
294.655399,100,16.741474
300.06929,100,16.984475
244.502281,100,17.222476
243.124755,100,17.456476
266.070591,100,17.689471
249.424492,100,17.961476
357.561708,100,18.273475
217.339044,100,18.578489
299.906417,100,18.896479
253.92409,100,19.228473
323.697185,100,19.530478
299.85765,100,19.787474
327.330928,100,25.18948
304.298862,100,25.719475
381.006589,100,26.136496
238.87128,100,26.521476
173.569037,100,26.893476
259.85765,100,27.276475
268.383739,100,27.711491
330.671635,100,28.429561
-3737.282619,100,28.878495
310.494935,100,29.221477
284.544203,100,29.569475
-602.460409,100,29.918481
255.910794,100,30.301471
355.888921,100,30.748474
265.915368,100,31.264474
287.585488,100,31.647475
287.928031,100,32.067477
159.670227,100,32.516031
339.830663,100,32.887074
342.483577,100,33.251046
-623.171364,100,40.287916
443.492171,100,40.653796
268.103093,100,41.159471
269.659442,100,41.592524
315.495936,100,42.041914
361.922851,100,42.562188
116.985184,100,42.943712
289.871614,100,43.307456
351.678314,100,43.704115
325.301968,100,44.05234
233.45071,100,44.365434
425.394429,100,44.60559
315.948537,100,44.967727
296.672166,100,45.174787
166.56701,100,45.380846
209.156904,100,45.58691
100.615682,100,45.784956
284.474292,100,46.049566
-2406.429962,100,46.371246
344.379696,100,46.767412
356.908158,100,47.174576
265.981373,100,52.252383
270.405954,100,52.490384
163.783407,100,52.742387
415.80534,100,53.094382
227.520955,100,53.323379
290.641906,100,53.561383
329.63038,100,53.817384
268.006392,100,54.249387
345.037654,100,54.534383
313.269133,100,54.773384
263.327655,100,55.011382
288.601921,100,55.247388
254.750329,100,55.479383
320.210413,100,55.758389
341.261984,100,56.057387
235.027538,100,56.368384
336.185728,100,56.632392
238.917275,100,56.882384
274.37659,100,57.135383
308.459797,100,57.407389
318.716391,100,65.686269
294.018448,100,66.075917
312.167722,100,66.47611
-1115.643331,100,66.877337
291.806611,100,67.251042
477.918873,100,67.704832
171.631965,100,68.038379
346.716588,100,68.310222
101.374374,100,68.92661
285.845791,100,69.322817
322.755237,100,69.775262
338.405246,100,70.282035
-562.059478,100,70.748536
158.362041,100,71.212817
239.613881,100,71.667146
304.208976,100,72.117529
122.197875,100,72.813919
347.407518,100,73.33477
305.627806,100,73.792099
-124.312281,100,74.153489
297.146214,100,74.477122
420.392627,100,80.738898
-3647.651722,100,81.030396
311.641435,100,81.357313
340.157269,100,81.676606
293.590396,100,81.98963
-2659.984569,100,82.291092
319.119723,100,82.5923
279.520621,100,83.056744
320.046811,100,83.51976
367.47282,100,83.810266
317.274845,100,84.133276
329.160709,100,84.418788
332.831629,100,84.720614
341.395962,100,85.008268
-1863.033008,100,85.309808
352.798794,100,85.601938
305.301968,100,85.985325
307.2046,100,86.274441
273.660307,100,86.568793
-749.131538,100,86.855237
372.615217,100,94.160418
360.0113,100,94.502248
288.122632,100,94.844407
357.606495,100,95.181438
387.195346,100,95.533096
458.678323,100,95.900933
308.68319,100,96.22947
465.383905,100,96.516205
-94.993533,100,96.817219
377.25821,100,97.141478
311.722872,100,97.51865
322.326987,100,98.098618
236.049305,100,98.423193
294.666454,100,98.702261
259.192877,100,98.940857
338.737033,100,99.270603
308.57119,100,99.619986
-454.165139,100,99.873217
306.779122,100,100.069277
358.869373,100,100.280359
-1539.163942,100,100.542009
276.662214,100,105.177362
310.467143,100,105.383358
79.264651,100,105.748386
185.456259,100,106.013364
369.678511,100,106.238363
306.711347,100,106.46636
202.485347,100,106.70936
77.571495,100,107.004368
365.185926,100,107.351366
407.258609,100,107.577363
349.062203,100,107.807361
363.457287,100,108.029361
328.011634,100,108.24736
373.090798,100,108.47137
-2019.40656,100,108.685366
417.99767,100,108.915363
294.846261,100,109.145362
313.707304,100,109.365367
350.78827,100,109.683359
283.943827,100,109.955361
-3608.898391,100,114.481363
341.314025,100,114.689362
409.015874,100,114.923362
299.372411,100,115.179362
162.660545,100,115.415362
-1153.582294,100,115.650362
341.107231,100,115.879364
117.331973,100,116.124361
282.063341,100,116.410368
357.755769,100,116.691362
377.434505,100,116.998364
358.927425,100,117.251368
334.651357,100,117.59637
382.807142,100,117.889362
388.363157,100,118.152457
67.702426,100,118.675366
177.42918,100,118.993361
343.602119,100,119.243365
400.811185,100,119.524362
395.782457,100,119.749363
310.332563,100,119.962363
397.979197,100,124.92836
400.741273,100,125.120361
343.501781,100,125.412361
-1182.497405,100,125.610709
308.357248,100,125.806364
390.234193,100,125.999363
402.095038,100,126.202364
382.727112,100,126.409362
451.137826,100,126.614364
393.1092,100,126.828387
402.520318,100,127.084367
-1575.776885,100,127.352362
536.47546,100,127.634364
410.61451,100,127.870363
376.46986,100,128.075362
444.544598,100,128.325363
256.694048,100,128.583362
339.395659,100,128.842366
-8.085956,100,129.095364
-444.173544,100,129.418361
411.522287,100,134.315366
309.190302,100,134.647363
363.723069,100,134.998364
334.543931,100,135.261364
356.233859,100,135.546359
457.483409,100,135.863369
331.883534,100,136.148361
395.427827,100,136.411362
377.793314,100,136.661362
-453.805856,100,136.910363
218.245537,100,137.238358
342.53625,100,137.520364
400.637424,100,137.790361
431.797221,100,138.041363
358.39743,100,138.287362
289.088557,100,138.620363
418.822907,100,138.900367
385.684421,100,139.192358
401.248354,100,139.404361
361.322976,100,139.618362
338.96026,100,139.875364
-147.270447,100,144.440366
-13.115922,100,144.710366
372.745047,100,145.027362
400.279283,100,145.240362
386.818865,100,145.588364
38.329548,100,145.984366
432.874615,100,146.228362
372.586521,100,146.541368
421.690036,100,146.933362
408.73546,100,147.244366
-135.334671,100,147.485361
397.312254,100,147.707363
361.13522,100,147.95136
346.934907,100,148.186367
-179.425382,100,148.411362
343.967607,100,148.624362
369.312786,100,148.902364
362.465904,100,149.207363
395.245687,100,149.46636
362.458224,100,149.68536
399.179778,100,153.880363
389.814625,100,154.113362
431.161908,100,154.354361
371.204797,100,154.576361
414.143037,100,154.815362
353.869237,100,155.067364
339.719361,100,155.308362
175.729458,100,155.623361
415.384801,100,155.864362
-97.988004,100,156.100363
241.322938,100,156.341363
400.205799,100,156.583363
384.975089,100,156.818363
334.726509,100,157.066382
377.745381,100,157.306365
340.263183,100,157.545365
359.219095,100,157.781363
365.351768,100,158.012361
-797.685127,100,158.218364
9.146118,100,158.408361
335.135888,100,158.622371
328.737899,100,163.157364
414.479398,100,163.449363
-1048.046034,100,163.740364
436.917235,100,164.00736
392.904075,100,164.262363
391.852702,100,164.481361
390.577768,100,164.713363
372.88487,100,164.970362
460.39963,100,165.213361
415.610801,100,165.451361
401.238832,100,165.682362
465.109932,100,166.011363
390.508524,100,166.233367
389.184458,100,166.477363
440.892884,100,166.719363
413.501375,100,166.96136
402.045668,100,167.201361
411.010403,100,167.437365
361.903407,100,167.673362
446.3523,100,167.924365
430.680712,100,172.207369
371.732419,100,172.449363
407.545934,100,172.682367
428.465301,100,172.920367
390.76445,100,173.160384
469.516538,100,173.420361
345.390302,100,173.671364
436.706732,100,173.969365
366.905178,100,174.204362
413.559564,100,174.452363
417.559427,100,174.682363
433.26081,100,174.931362
409.194607,100,175.182362
-338.631686,100,175.432364
379.294248,100,175.672364
465.926053,100,175.903361
298.836578,100,176.14836
-690.255259,100,176.390361
407.290205,100,176.625361
437.800726,100,176.892374
247.412981,100,177.219366
430.494894,100,181.483363
418.29231,100,181.725361
420.366795,100,182.065363
483.797954,100,182.288367
456.373944,100,182.521364
458.958418,100,182.767363
494.147342,100,183.009362
433.921009,100,183.240364
485.891613,100,183.483364
470.056121,100,183.724366
439.676335,100,183.963362
446.695207,100,184.202363
421.925051,100,184.43536
513.300992,100,184.671361
-177.628195,100,184.901361
417.752728,100,185.141361
474.567244,100,185.383368
551.296124,100,185.704363
411.745913,100,185.946365
381.669323,100,186.191364
351.288067,100,190.622364
457.184084,100,190.873361
468.242272,100,191.119362
256.330384,100,191.347365
430.279681,100,191.579362
414.796763,100,191.825363
456.006654,100,192.171363
503.749686,100,192.468359
549.954709,100,192.757363
503.133378,100,193.057362
491.965765,100,193.292362
454.746914,100,193.47936
445.453108,100,193.720365
531.557054,100,194.018362
115.012134,100,194.310363
476.191232,100,194.605363
502.326344,100,194.895361
536.866301,100,195.163364
295.467072,100,195.458366
-1926.474157,100,195.672364
522.910485,100,195.889363
371.205196,100,200.233362
552.224933,100,200.465361
501.333493,100,200.711364
493.518152,100,200.943362
484.658799,100,201.196363
505.961524,100,201.448362
510.768558,100,201.694363
481.358846,100,201.932362
464.253661,100,202.185364
532.698981,100,202.419365
529.859446,100,202.668364
523.877983,100,202.912362
489.121655,100,203.161364
453.870303,100,203.486362
-905.737129,100,203.741361
435.690633,100,203.984364
473.421608,100,204.239367
-1294.947888,100,204.476366
448.538182,100,204.711362
480.20977,100,204.945364
218.606689,100,209.420362
468.632779,100,209.711366
438.986543,100,209.980365
505.768558,100,210.245363
484.888507,100,210.626363
419.516538,100,210.914361
420.255234,100,211.213361
269.926733,100,211.479362
449.588888,100,211.710366
443.062602,100,211.94436
434.825411,100,212.205365
278.400332,100,212.428363
521.537848,100,212.644369
480.761075,100,212.868362
462.191232,100,213.120362
348.851472,100,213.419366
534.140527,100,213.667361
539.135285,100,213.977364
73.10233,100,214.221362
170.071442,100,214.474365
384.274106,100,214.723363
141.995348,100,219.067361
531.46179,100,219.316362
507.462164,100,219.557362
329.194311,100,219.799364
417.523019,100,220.049364
-67.762179,100,220.283366
466.395588,100,220.619362
-418.888076,100,220.861363
527.158731,100,221.111362
463.055787,100,221.348364
454.191232,100,221.617362
464.002309,100,221.872364
476.27868,100,222.124363
485.942319,100,222.369363
427.355406,100,222.624364
503.9986,100,222.880364
165.602311,100,223.135363
453.434904,100,223.382364
412.913526,100,223.725364
228.380399,100,223.981364
472.986543,100,228.574363
501.377384,100,228.833362
463.602184,100,229.057361
414.664946,100,229.310361
463.081807,100,229.543362
404.771599,100,229.793363
435.20209,100,230.012361
483.731149,100,230.233365
-1236.253264,100,230.467366
446.902137,100,230.856365
369.713213,100,231.129361
462.216585,100,231.339365
445.344351,100,231.609364
460.428089,100,231.881363
443.143902,100,232.122359
429.388241,100,232.311363
470.782188,100,232.514363
425.727709,100,232.719365
395.324478,100,232.963362
437.66528,100,233.218363
479.62139,100,233.468361
501.86626,100,237.973365
388.878024,100,238.305363
492.147342,100,238.552366
424.441385,100,238.804364
451.588554,100,239.059362
482.326344,100,239.307363
472.826079,100,239.562369
522.133378,100,239.796361
469.39068,100,240.044362
482.172695,100,240.284361
432.274106,100,240.536361
368.4482,100,240.792364
458.172361,100,241.036361
269.358205,100,241.275364
388.923781,100,241.594365
420.920675,100,241.837361
451.576831,100,242.099362
411.081473,100,242.397363
521.231788,100,242.686364
490.030768,100,242.979367
482.775039,100,247.341366
-1434.608635,100,247.579361
477.212011,100,247.815363
537.359514,100,248.115362
491.45411,100,248.397361
424.342827,100,248.640361
484.460591,100,248.877365
553.089487,100,249.110366
563.399362,100,249.342364
362.018377,100,249.579361
523.698981,100,249.817366
462.863488,100,250.057363
499.345216,100,250.298364
444.140527,100,250.537361
512.910485,100,250.779364
505.884798,100,251.047364
466.465499,100,251.371363
486.826079,100,251.618363
460.08458,100,251.878365
505.588888,100,252.125363
498.724334,100,252.371361
491.414459,100,256.670365
380.443292,100,256.934361
512.661571,100,257.206366
527.309714,100,257.506362
581.411085,100,257.801371
-1370.026379,100,258.068366
555.647941,100,258.354374
391.645348,100,258.739365
509.462164,100,259.035363
525.096302,100,259.317363
511.487143,100,259.576365
526.654756,100,259.79036
508.775039,100,260.020364
588.566975,100,260.289368
488.960857,100,260.531361
435.988116,100,260.744363
211.046163,100,260.990361
501.537848,100,261.255364
496.680109,100,261.547366
-131.878856,100,261.792364
496.730815,100,266.301363
561.001706,100,266.558363
-101.474425,100,266.823362
490.519644,100,267.067364
521.282788,100,267.329362
532.885132,100,267.599363
491.891613,100,267.855367
505.103117,100,268.118364
498.654756,100,268.374362
556.604051,100,268.609362
545.275973,100,268.853364
357.769797,100,269.097362
541.033874,100,269.34236
395.840908,100,269.665365
496.698647,100,269.944365
541.46179,100,270.207363
520.077765,100,270.476363
523.519978,100,270.724362
540.027059,100,270.96436
331.840948,100,271.214362
505.891613,100,271.471364
529.07095,100,276.106362
-433.080945,100,276.392359
424.199621,100,276.680362
-3438.953961,100,277.077365
579.367194,100,277.339366
543.47542,100,277.554359
384.839434,100,277.790363
557.417899,100,278.112365
564.257769,100,278.395362
564.187858,100,278.647365
501.059227,100,278.874361
546.008521,100,279.124362
395.22318,100,279.380363
513.9173,100,279.615361
531.847723,100,279.833365
500.270731,100,280.065368
485.891613,100,280.333367
-277.301468,100,280.582361
478.744445,100,280.937362
555.001706,100,281.196374
496.296084,100,285.797363
547.289603,100,286.047363
550.468939,100,286.313366
514.263916,100,286.564365
473.031102,100,286.825367
446.378957,100,287.080362
537.443252,100,287.333365
515.48905,100,287.579363
541.033874,100,287.928365
518.257101,100,288.184364
384.801965,100,288.452362
463.353604,100,288.704365
228.068691,100,288.948366
498.307807,100,289.244364
525.86626,100,289.556362
479.507588,100,289.828364
458.961191,100,290.114365
506.775373,100,290.404362
527.282788,100,290.684366
538.360419,100,290.962362
578.951041,100,295.592358
569.610866,100,295.825363
460.08462,100,296.081362
525.86626,100,296.293361
519.263916,100,296.507365
289.086928,100,296.75437
504.333827,100,297.010363
557.417899,100,297.251366
467.815595,100,297.507365
537.46179,100,297.763365
457.749353,100,298.064363
470.12847,100,298.326364
575.790202,100,298.605363
520.245378,100,298.957363
521.109932,100,299.20136
521.033874,100,299.441364
486.526459,100,299.701362
157.744519,100,299.956362
509.47542,100,300.205363
489.121655,100,300.460364
423.135285,100,300.709361
474.409885,100,304.895439
556.629404,100,305.092435
457.077765,100,305.286437
555.840908,100,305.539438
317.154594,100,305.750437
431.795419,100,305.943439
458.280921,100,306.147439
579.80874,100,306.345437
518.9173,100,306.541437
542.636219,100,306.74944
518.500773,100,307.000435
538.257101,100,307.275438
497.066042,100,307.489437
506.519644,100,307.682436
507.898428,100,307.885435
580.597236,100,308.085435
536.341881,100,308.287436
546.629404,100,308.500811
470.815595,100,308.702372
546.629404,100,308.892376
527.26425,100,312.801374
468.167453,100,312.996375
456.255902,100,313.186373
542.275639,100,313.378373
540.231748,100,313.57137
-366.409838,100,313.759374
525.86626,100,313.948372
513.859446,100,314.144374
543.052746,100,314.336386
503.994931,100,314.527378
360.673334,100,314.721374
-14.422044,100,314.913373
505.705796,100,315.110375
492.456882,100,315.305376
488.333159,100,315.567374
494.289269,100,315.776377
506.680109,100,315.965374
491.873075,100,316.165372
521.487143,100,316.352375
488.935838,100,316.561373
434.551812,100,316.754373
555.001706,100,320.499373
504.147008,100,320.697374
555.001706,100,320.892373
482.999839,100,321.089373
-604.554675,100,321.277373
539.135619,100,321.468373
566.617721,100,321.655373
513.928689,100,321.858372
491.730815,100,322.057374
507.793577,100,322.261378
483.993358,100,322.529372
501.08458,100,322.725374
534.238563,100,322.928375
555.840908,100,323.124376
503.11484,100,323.320369
402.79515,100,323.525371
173.765635,100,323.762372
542.443252,100,323.963372
508.526126,100,324.158372
452.4167,100,324.349379
457.551478,100,328.143373
563.673628,100,328.331372
542.885132,100,328.529374
532.1919,100,328.723372
448.942319,100,328.913372
535.096302,100,329.106371
506.705462,100,329.378374
480.255942,100,329.566374
571.411085,100,329.756374
344.487943,100,329.95437
484.296084,100,330.13937
492.147008,100,330.322376
498.300992,100,330.516374
482.730815,100,330.709373
572.224933,100,330.897374
572.19958,100,331.091372
481.507588,100,331.284374
579.090155,100,331.473368
452.974487,100,331.659372
491.544663,100,331.860372
494.538182,100,332.060372
-139.032839,100,335.971375
538.686924,100,336.160372
534.07095,100,336.345374
513.089487,100,336.539379
518.724334,100,336.743373
533.064135,100,336.927374
-27.564114,100,337.144372
498.333159,100,337.332376
514.705796,100,337.528373
492.73763,100,337.720377
484.532941,100,337.911373
520.910151,100,338.107376
491.537848,100,338.304374
464.333159,100,338.507373
397.243845,100,338.760375
-67.915904,100,338.993374
522.300992,100,339.185373
444.807207,100,339.389372
505.352031,100,339.580374
479.230549,100,339.778374
405.83256,100,343.408374
415.574059,100,343.61237
437.916966,100,343.808372
532.326344,100,343.995372
493.498334,100,344.198376
495.531034,100,344.400376
516.929023,100,344.591373
498.307807,100,344.804372
530.159065,100,345.011373
515.519644,100,345.209371
426.664946,100,345.491373
450.774705,100,345.675377
546.717225,100,345.882375
471.981302,100,346.080373
505.698647,100,346.285374
562.224933,100,346.480373
459.267625,100,346.665374
478.703024,100,346.862374
476.551812,100,347.052372
163.423424,100,347.242371
461.216251,100,347.437372
500.749353,100,351.263375
479.198047,100,351.463373
399.949134,100,351.645374
486.465499,100,351.843374
465.800058,100,352.038372
519.698981,100,352.212376
330.658104,100,352.403371
460.749353,100,352.687374
510.698647,100,352.896373
494.409218,100,353.089373
503.11484,100,353.292373
532.326344,100,353.478371
506.487143,100,353.669371
493.500773,100,353.859372
520.133712,100,354.059373
501.537848,100,354.249372
524.705462,100,354.445372
369.927156,100,354.634371
514.717185,100,354.837372
381.8344,100,355.027375
442.800058,100,358.857373
533.275639,100,359.056376
443.806873,100,359.248371
536.46179,100,359.506373
553.064135,100,359.700384
457.006694,100,359.884372
539.487143,100,360.084374
498.756835,100,360.266376
447.967672,100,360.452374
469.730815,100,360.640371
219.639049,100,360.840372
540.673294,100,361.028374
434.869302,100,361.215372
427.209436,100,361.406371
497.217253,100,361.601373
468.268944,100,361.805374
545.840908,100,361.997372
527.46179,100,362.213373
562.585513,100,362.413374
508.973581,100,362.679374
553.038782,100,362.877371
515.326678,100,366.664378
469.172361,100,366.872374
518.103451,100,367.072376
446.800058,100,367.256374
516.140527,100,367.444373
464.250366,100,367.637378
462.266249,100,367.829373
459.595703,100,368.021374
549.020244,100,368.210371
521.487143,100,368.40737
527.885132,100,368.606372
507.333493,100,368.797374
582.19958,100,368.998372
495.891613,100,369.261372
532.275639,100,369.453376
474.776612,100,369.647375
164.003154,100,369.844374
523.11484,100,370.040372
372.148711,100,370.236372
527.468605,100,370.425371
551.045597,100,374.218373
471.153823,100,374.419373
557.417899,100,374.619374
483.190899,100,374.819374
495.556386,100,375.007369
500.07099,100,375.196377
497.30814,100,375.379374
495.891613,100,375.659373
535.027059,100,375.848375
472.537848,100,376.046373
473.847763,100,376.230379
457.544663,100,376.443372
540.220025,100,376.632374
452.37705,100,376.833369
537.121989,100,377.026372
560.673294,100,377.221372
522.661571,100,377.410373
503.148915,100,377.601372
526.654756,100,377.790373
505.986877,100,377.989374
552.071283,100,378.180373
596.013763,100,382.079377
507.468605,100,382.336377
555.951041,100,382.544374
552.443252,100,382.739375
559.629737,100,382.938372
509.482235,100,383.138372
528.270731,100,383.340375
513.450067,100,383.53737
496.557094,100,383.718373
566.918873,100,383.913373
575.001706,100,384.111373
553.187858,100,384.313373
551.629404,100,384.512373
471.135285,100,384.708371
539.07095,100,384.907372
549.834093,100,385.098374
326.959988,100,385.285372
518.282454,100,385.475374
499.935504,100,385.673372
583.374009,100,385.870375
597.367194,100,389.859372
509.103117,100,390.056374
536.263916,100,390.240371
545.020244,100,390.439372
535.027059,100,390.645374
312.669093,100,390.836372
359.050798,100,391.031374
538.231748,100,391.232372
429.1575,100,391.426372
545.815555,100,391.623375
576.578698,100,391.81937
537.250286,100,392.016373
-501.019893,100,392.212374
522.096636,100,392.414374
332.060892,100,392.592374
555.21321,100,392.791373
580.790202,100,392.985372
395.699021,100,393.17037
493.11484,100,393.441374
-700.539977,100,393.641375
531.86626,100,393.838374
475.799202,100,397.569374
537.443252,100,397.769372
594.976353,100,397.975373
566.597236,100,398.16437
552.859779,100,398.363374
377.936924,100,398.560373
484.192806,100,398.753373
539.691832,100,398.946376
-1768.167749,100,399.141375
456.420901,100,399.334371
-1634.558718,100,399.532371
585.25062,100,399.718374
589.783387,100,399.909374
444.801965,100,400.178374
-1309.894872,100,400.378372
577.392547,100,400.578373
520.326678,100,400.776374
-1291.564959,100,400.974377
474.724,100,401.166371
574.615774,100,401.368373
467.351697,100,405.199373
542.468605,100,405.396372
598.801925,100,405.593371
508.282454,100,405.792374
570.976353,100,405.987374
564.666479,100,406.187379
544.531367,100,406.390374
550.647941,100,406.590371
516.654756,100,406.787377
451.737247,100,407.04638
478.351697,100,407.255373
619.758034,100,407.446373
588.181043,100,407.638377
515.505681,100,407.827377
-685.027708,100,408.013374
491.48905,100,408.203373
504.307807,100,408.402374
536.294177,100,408.601371
568.224933,100,408.797378
526.788335,100,408.991376
517.07095,100,409.18137
47.22479,100,412.887377
457.954376,100,413.086374
507.507588,100,413.277371
469.960857,100,413.464377
440.999839,100,413.658417
-2557.543603,100,413.944421
445.942319,100,414.14042
523.257101,100,414.32842
537.46179,100,414.530451
528.257101,100,414.723421
512.172695,100,414.901419
504.538182,100,415.10042
497.103117,100,415.310419
476.730815,100,415.50242
474.372476,100,415.69642
438.856722,100,415.899423
-495.984164,100,416.09242
556.629404,100,416.291422
505.531034,100,416.474423
311.556809,100,416.664421
457.544663,100,420.483421
461.107494,100,420.74242
514.07095,100,420.956421
455.006654,100,421.14342
575.225267,100,421.33742
523.903336,100,421.532421
502.300992,100,421.734422
-2090.550599,100,421.922422
339.217874,100,422.12042
495.440146,100,422.319421
508.519311,100,422.515419
518.282454,100,422.696422
569.436771,100,422.887421
541.46179,100,423.087419
531.487143,100,423.276421
530.345216,100,423.46542
525.505681,100,423.660421
573.038782,100,423.858419
270.687348,100,424.133422
473.030434,100,424.329419
320.407302,100,424.51042
502.493958,100,428.34642
510.698647,100,428.54142
-902.424317,100,428.743419
450.500773,100,428.937422
-667.520183,100,429.135418
-77.853759,100,429.336421
235.437966,100,429.533422
519.033914,100,429.726422
528.903336,100,429.927419
519.884798,100,430.11442
522.275639,100,430.311425
539.859446,100,430.50242
543.327012,100,430.694424
522.1919,100,430.977427
494.717185,100,431.171419
524.263916,100,431.377421
509.121655,100,431.578421
-1259.333533,100,431.792421
510.231788,100,431.997418
-52.550674,100,432.208418
483.500773,100,435.935425
461.011896,100,436.13242
518.921874,100,436.326424
474.250326,100,436.533419
-1480.881784,100,436.739417
574.976353,100,436.940418
502.300992,100,437.143434
547.250286,100,437.331419
486.333493,100,437.519421
505.326678,100,437.73942
429.108399,100,437.943424
489.121655,100,438.196425
507.184084,100,438.413418
526.954376,100,438.601422
106.506585,100,438.794422
442.204862,100,438.98742
513.46179,100,439.188421
400.842423,100,439.385423
423.037249,100,439.581421
512.326344,100,439.77042
522.680109,100,439.97042
503.089487,100,443.763424
488.395588,100,443.962421
441.39068,100,444.145419
518.55672,100,444.340419
519.096302,100,444.529416
527.040689,100,444.716423
414.43457,100,444.90742
470.551812,100,445.191418
556.604051,100,445.378419
570.001706,100,445.577417
480.705462,100,445.780421
502.680443,100,445.984421
258.98435,100,446.17842
344.800432,100,446.36442
524.282454,100,446.563425
543.724668,100,446.75842
473.500773,100,446.949421
539.431529,100,447.14242
485.377384,100,447.34242
555.301325,100,447.54042
494.76789,100,451.349421
492.37705,100,451.545417
-59.249522,100,451.814421
456.621056,100,452.00842
506.16588,100,452.20742
480.372142,100,452.409421
516.965765,100,452.60042
487.891613,100,452.800427
509.910151,100,452.996421
504.191566,100,453.190421
554.238563,100,453.382423
552.250286,100,453.572422
462.307807,100,453.764421
482.147342,100,453.962431
389.776612,100,454.150417
543.089487,100,454.33942
391.193231,100,454.541421
497.493958,100,454.726425
553.968005,100,454.927424
492.815595,100,455.12242
458.287402,100,455.320418
529.954709,100,459.18142
-1586.412045,100,459.38842
501.756168,100,459.584418
507.519311,100,459.776419
575.052412,100,459.974427
521.257101,100,460.158421
532.089821,100,460.346425
519.096302,100,460.54942
397.501998,100,460.746416
507.544663,100,460.948421
531.282788,100,461.142423
495.607092,100,461.340422
477.705462,100,461.541422
447.646075,100,461.731421
444.428423,100,461.917421
479.672763,100,462.104424
559.020244,100,462.30042
473.775039,100,462.487421
213.913274,100,462.695421
85.443101,100,462.961423
530.691832,100,466.889421
477.055787,100,467.083423
-378.980015,100,467.282422
439.62563,100,467.479418
-1484.502018,100,467.68042
-361.688926,100,467.885421
465.011896,100,468.078422
498.358512,100,468.277421
499.910151,100,468.478421
-463.59678,100,468.683423
534.506015,100,468.888421
462.209436,100,469.090421
190.085213,100,469.281421
-1868.935212,100,469.552421
539.045597,100,469.749418
526.268824,100,469.952421
376.002692,100,470.142421
511.942319,100,470.336424
567.64146,100,470.53142
521.954376,100,470.738422
428.422848,100,470.926425
525.480328,100,474.745422
338.889746,100,474.934421
-395.749973,100,475.116421
465.365367,100,475.317418
322.621056,100,475.509421
524.228308,100,475.70742
382.386522,100,475.90842
399.055453,100,476.102419
548.064135,100,476.29542
244.538485,100,476.486426
511.191232,100,476.684422
-347.900438,100,476.87842
-894.918232,100,477.075418
488.590501,100,477.268422
535.275973,100,477.573424
507.465499,100,477.780421
529.166214,100,477.97242
550.673294,100,478.176417
385.133378,100,478.374417
498.600611,100,478.569424
515.231788,100,482.350422
499.140193,100,482.545421
527.947227,100,482.738418
559.082673,100,482.942421
493.793577,100,483.137421
509.549571,100,483.31342
478.52726,100,483.512419
488.230215,100,483.710421
455.235123,100,483.91042
468.862487,100,484.104418
513.11484,100,484.289422
487.97258,100,484.566421
540.556386,100,484.747425
486.86282,100,484.946421
476.282828,100,485.13742
459.62563,100,485.327421
324.549945,100,485.50342
529.096302,100,485.69842
450.702022,100,485.893418
443.465165,100,486.08942
488.037249,100,489.95742
514.680109,100,490.163419
464.855672,100,490.36542
527.487143,100,490.560422
242.65491,100,490.755422
512.929023,100,490.96142
533.905243,100,491.27042
505.581739,100,491.459419
325.561885,100,491.653425
506.531034,100,491.852424
504.935504,100,492.057419
463.439812,100,492.255419
525.922208,100,492.45242
565.922208,100,492.646421
413.671761,100,492.834421
536.319529,100,493.037423
427.184751,100,493.238423
527.07095,100,493.436417
479.658799,100,493.631419
-1753.427126,100,493.829419
502.721228,100,494.01642
525.526126,100,497.783421
577.692166,100,498.058424
536.90367,100,498.258421
518.735723,100,498.450417
479.414459,100,498.64542
539.884798,100,498.84242
505.159065,100,499.035418
570.135659,100,499.22142
488.909769,100,499.40942
497.319529,100,499.59742
421.04373,100,499.797418
329.218256,100,499.997421
497.228642,100,500.193421
479.869969,100,500.375424
500.698647,100,500.574421
489.395922,100,500.76842
521.644501,100,500.971422
536.929023,100,501.167422
330.932974,100,501.439421
398.906773,100,501.640422
544.717185,100,505.426419
524.691832,100,505.621417
520.184418,100,505.818421
-499.76637,100,506.025421
574.462124,100,506.216421
470.358512,100,506.405419
549.954709,100,506.607421
353.458427,100,506.811422
544.666479,100,507.016421
567.417899,100,507.210421
429.650983,100,507.414419
502.600611,100,507.60142
514.691832,100,507.80042
539.068511,100,507.99242
-1466.748536,100,508.18242
-1439.682706,100,508.400423
474.658799,100,508.644422
501.023619,100,508.834422
446.965949,100,509.02842
568.206395,100,509.229419
476.490852,100,509.422421
549.691832,100,513.163419
522.140527,100,513.348424
565.673294,100,513.548421
550.622589,100,513.74342
548.859446,100,513.928419
441.116747,100,514.122422
460.279014,100,514.32142
545.852631,100,514.517419
467.651316,100,514.702449
382.967672,100,514.897422
573.399362,100,515.094423
-1.806449,100,515.289421
535.228976,100,515.489417
519.574924,100,515.675429
507.030434,100,515.94842
548.231748,100,516.147416
518.9986,100,516.33342
550.698647,100,516.52842
533.064135,100,516.72642
549.904004,100,516.920421
565.668426,100,520.772421
516.929023,100,520.961423
467.662705,100,521.154422
533.064135,100,521.348421
504.023953,100,521.54642
150.022783,100,521.744425
529.089487,100,521.939423
497.47542,100,522.12542
491.961524,100,522.32642
478.302899,100,522.515418
478.472982,100,522.710419
528.506015,100,522.900421
523.064135,100,523.090428
525.986877,100,523.363421
469.903336,100,523.552417
517.921874,100,523.751424
524.717185,100,523.95442
510.793911,100,524.153424
491.703024,100,524.341421
-1156.49309,100,524.53042
531.46179,100,524.739424
537.108025,100,528.59942
541.294177,100,528.78642
538.506015,100,528.972421
477.519311,100,529.164419
532.935838,100,529.354422
496.686924,100,529.552423
539.045597,100,529.74442
492.512496,100,529.937421
501.556386,100,530.14042
498.512496,100,530.328422
478.811781,100,530.52642
523.140193,100,530.83542
500.749353,100,531.035424
482.370235,100,531.230422
505.447295,100,531.417419
522.761409,100,531.60942
483.438344,100,531.807451
558.231748,100,532.008421
500.749353,100,532.204422
490.209436,100,532.406417
528.531367,100,536.22342
577.392547,100,536.41942
491.724334,100,536.616421
412.673334,100,536.819421
594.091394,100,537.006418
502.961191,100,537.195425
439.676335,100,537.39342
-2022.119489,100,537.59842
572.224933,100,537.796418
548.064135,100,538.021424
532.300992,100,538.25842
401.600793,100,538.453422
591.232082,100,538.64542
561.46179,100,538.841423
545.301325,100,539.041418
511.383865,100,539.237432
515.185991,100,539.427419
489.370569,100,539.61942
500.263916,100,539.826421
549.411085,100,540.015421
530.840908,100,540.211423
595.571883,100,543.94642
-2605.354818,100,544.134422
570.622589,100,544.316419
627.316488,100,544.517421
580.597236,100,544.714421
474.588888,100,544.907421
519.698981,100,545.096421
538.661571,100,545.291421
453.811781,100,545.561421
513.903336,100,545.758423
505.307807,100,545.95742
503.928689,100,546.149421
476.730815,100,546.342426
556.629404,100,546.537421
562.859779,100,546.74642
553.654756,100,546.94142
543.064135,100,547.139421
391.926356,100,547.335419
515.86626,100,547.521418
511.191232,100,547.719419
556.629404,100,551.551419
465.960857,100,551.75342
510.501107,100,551.948419
530.673294,100,552.13442
538.231748,100,552.406421
465.960857,100,552.589419
550.224933,100,552.77742
531.378957,100,552.972418
347.176458,100,553.16342
465.967672,100,553.367417
547.417899,100,553.559422
437.999839,100,553.743423
552.071283,100,553.939422
491.135285,100,554.140419
561.257435,100,554.331419
570.717853,100,554.532418
446.077765,100,554.728424
539.089487,100,554.91742
517.468605,100,555.106422
503.307807,100,555.299419
503.493958,100,555.503498
568.206395,100,559.40342
559.020244,100,559.61542
527.082673,100,559.801423
451.544663,100,559.994421
479.742538,100,560.182419
513.089487,100,560.376421
537.468605,100,560.565422
537.468605,100,560.75542
555.045597,100,560.95242
572.045931,100,561.143418
389.88889,100,561.338422
-1112.343381,100,561.538419
457.514403,100,561.733416
497.873075,100,561.920418
521.333493,100,562.109421
443.510242,100,562.298419
572.082673,100,562.492419
-1014.267829,100,562.685419
512.600611,100,562.881425
496.680109,100,563.18142
451.204529,100,566.91442
-1063.370417,100,567.10542
571.411085,100,567.299426
474.172361,100,567.491417
530.647941,100,567.674418
512.935838,100,567.875424
556.027099,100,568.063421
128.712037,100,568.25242
562.224933,100,568.447425
554.275639,100,568.642421
523.11484,100,568.828418
541.436437,100,569.02442
432.40431,100,569.22442
574.80874,100,569.431419
524.345216,100,569.62642
583.013429,100,569.817422
483.928689,100,570.032425
557.417899,100,570.290419
484.76789,100,570.476422
576.852964,100,570.678423
-393.879145,100,570.898417
489.158731,100,574.801422
-816.018209,100,575.002422
525.326678,100,575.186419
485.626297,100,575.380421
443.037249,100,575.577417
497.793577,100,575.769426
520.282454,100,575.950421
558.038782,100,576.146421
559.045597,100,576.352421
508.184751,100,576.56742
523.210104,100,576.770428
532.300992,100,576.954419
534.51283,100,577.15942
424.813688,100,577.43642
491.866341,100,577.62242
468.570016,100,577.818419
465.774705,100,578.024419
457.813688,100,578.23342
503.11484,100,578.42842
532.600277,100,578.62042
481.988116,100,582.429421
479.763316,100,582.63642
509.493958,100,582.831417
558.206395,100,583.033419
469.12851,100,583.234421
459.807207,100,583.438437
581.578698,100,583.627422
340.843573,100,583.829421
532.947227,100,584.02442
508.04964,100,584.211421
537.912058,100,584.485417
437.211343,100,584.681424
-3443.458094,100,584.871419
451.45411,100,585.063421
458.286163,100,585.260422
566.224933,100,585.458422
-612.79033,100,585.64242
377.466738,100,585.834424
489.949134,100,586.032419
552.629404,100,586.222421
491.60776,100,586.407424
481.153823,100,590.18042
542.859779,100,590.376419
587.80874,100,590.571422
465.942319,100,590.774418
520.301325,100,590.96442
543.257101,100,591.163418
506.289269,100,591.42842
325.4482,100,591.641418
501.537848,100,591.83742
480.783427,100,592.025423
506.600611,100,592.224423
-548.313267,100,592.410421
544.231748,100,592.597423
462.2234,100,592.797419
375.257141,100,592.980423
460.395205,100,593.180425
578.911153,100,593.380421
-1469.599833,100,593.579421
511.367234,100,593.771421
270.316887,100,593.960418
598.181043,100,597.770417
523.089487,100,597.970424
451.86282,100,598.160422
-285.151627,100,598.427421
551.46179,100,598.626425
533.852631,100,598.82542
518.257101,100,599.020421
492.717185,100,599.209421
507.115174,100,599.403419
471.377384,100,599.595421
525.245378,100,599.788419
459.446961,100,599.978421
540.289269,100,600.18742
293.140325,100,600.382424
522.493958,100,600.565421
549.462124,100,600.757421
503.493958,100,600.955421
109.540292,100,601.143419
511.537848,100,601.339419
519.685153,100,601.523424
-674.250532,100,601.811701
488.811781,100,605.702928
478.498334,100,605.89693
-645.730049,100,606.08893
443.248419,100,606.280931
545.505681,100,606.474927
569.80874,100,606.67693
450.011562,100,606.866934
261.878531,100,607.064929
519.884798,100,607.247927
246.470561,100,607.441931
535.673294,100,607.634928
518.274106,100,607.835929
490.724,100,608.10893
550.647941,100,608.311928
428.646408,100,608.499928
307.651689,100,608.695928
485.100679,100,608.887928
282.752139,100,609.087928
177.761156,100,609.282929
27.831557,100,609.476928
428.893946,100,613.383926
465.814022,100,613.571928
344.685391,100,613.770927
229.595529,100,613.96193
429.87645,100,614.161927
427.952509,100,614.362928
492.339974,100,614.558934
-3530.766061,100,614.763927
212.230924,100,615.034929
493.794245,100,615.234927
560.443586,100,615.435928
481.658465,100,615.641927
493.165546,100,615.854928
523.724334,100,616.05793
419.12083,100,616.24193
330.294551,100,616.444927
485.289309,100,616.649925
437.402403,100,616.845925
505.698647,100,617.040931
-613.378139,100,617.229929
475.205196,100,617.420931
485.377384,100,621.269926
483.749686,100,621.457927
398.317996,100,621.742928
555.647941,100,621.934931
422.299459,100,622.129931
467.793577,100,622.318929
528.685017,100,622.513928
397.230215,100,622.696926
529.910151,100,622.897927
501.705796,100,623.095929
525.768558,100,623.296928
466.411125,100,623.480927
470.275679,100,623.674931
506.563535,100,623.870929
502.575258,100,624.071928
540.108359,100,624.263929
-29.011691,100,624.463928
519.494292,100,624.667926
463.383865,100,624.865927
493.363754,100,625.059928
429.082713,100,628.83393
492.01223,100,629.104928
515.301325,100,629.295928
512.121989,100,629.481928
517.600611,100,629.67593
504.11484,100,629.870926
511.512496,100,630.070928
544.231748,100,630.259928
538.531367,100,630.453926
531.487143,100,630.646929
455.581739,100,630.828929
392.956253,100,631.02493
356.851585,100,631.213927
523.4482,100,631.407927
457.737964,100,631.602929
471.60776,100,631.799929
525.07095,100,631.999929
421.409218,100,632.200927
466.78152,100,632.47993
500.184418,100,632.666929
464.402403,100,632.870929
463.318664,100,636.731928
401.995234,100,636.920928
484.826079,100,637.119925
435.344351,100,637.320928
492.749353,100,637.521927
459.216919,100,637.71893
417.074325,100,637.912928
480.184418,100,638.100929
432.143234,100,638.300931
504.72871,100,638.492929
529.910151,100,638.683929
433.895656,100,638.875926
462.409885,100,639.068937
387.364128,100,639.331928
539.859446,100,639.529926
491.261144,100,639.725928
450.06751,100,639.924928
193.884658,100,640.114928
469.851765,100,640.309928
503.819598,100,640.515927
463.582073,100,644.331925
449.223066,100,644.531929
485.06751,100,644.72993
516.929023,100,644.949928
598.969538,100,645.139928
526.873409,100,645.334927
517.563869,100,645.523928
484.79515,100,645.709928
513.928689,100,645.912929
494.600277,100,646.220932
488.421608,100,646.411928
529.859446,100,646.598928
511.619149,100,646.793929
394.889746,100,646.978928
516.929023,100,647.167929
493.184751,100,647.360926
521.761409,100,647.554927
574.436771,100,647.752927
534.15225,100,647.943927
471.204903,100,648.131932
484.812449,100,648.331929
533.089487,100,652.167928
579.80874,100,652.360927
497.954042,100,652.557929
334.586955,100,652.75393
514.731149,100,652.957929
237.011546,100,653.160928
526.487143,100,653.362929
-522.726275,100,653.637929
557.275639,100,653.854929
541.436437,100,654.114924
490.556386,100,654.373929
566.268824,100,654.634928
504.574924,100,654.908929
521.333493,100,655.170947
462.420941,100,655.51093
525.301325,100,655.807929
486.344882,100,656.054928
516.202955,100,656.262928
523.064135,100,656.470927
-144.275152,100,656.704932
491.581739,100,661.153925
275.278163,100,661.361928
519.333827,100,661.573924
312.558061,100,661.784928
486.775373,100,661.987929
409.997932,100,662.274931
525.9173,100,662.75293
439.048923,100,663.01093
492.935838,100,663.211927
551.531701,100,663.43293
578.206395,100,663.642928
544.691832,100,663.854928
606.553345,100,664.063931
603.969538,100,664.266927
337.032158,100,664.550932
457.358552,100,664.792933
496.35918,100,665.00593
498.627871,100,665.259929
43.231662,100,665.508929
570.622589,100,665.725926
381.717225,100,665.942932
551.873075,100,670.097931
578.00204,100,670.298926
505.698981,100,670.50693
359.311514,100,670.719929
526.282788,100,670.924942
521.531701,100,671.148932
551.275973,100,671.411928
538.257101,100,671.615927
568.206395,100,671.834929
516.191232,100,672.07393
563.878651,100,672.319927
531.557054,100,672.549936
520.761743,100,672.763928
579.834093,100,672.974926
468.377718,100,673.18393
281.780599,100,673.38793
584.411418,100,673.586931
455.172361,100,673.793931
513.11484,100,673.982928
587.809074,100,674.187928
572.039116,100,678.15693
545.275973,100,678.431927
382.790487,100,678.628927
539.884798,100,678.825929
41.167268,100,679.020927
533.11484,100,679.21793
544.282454,100,679.418929
489.370569,100,679.604934
494.830987,100,679.793927
574.641126,100,679.99193
523.928689,100,680.183927
538.141195,100,680.373932
529.859446,100,680.563929
519.045597,100,680.754928
227.513693,100,680.958927
549.859446,100,681.145928
572.224933,100,681.340926
465.532941,100,681.53493
519.877983,100,681.808925
421.967672,100,681.995931
520.698647,100,685.73893
475.352031,100,685.926929
194.858148,100,686.123933
461.464831,100,686.32493
505.65165,100,686.518928
431.999839,100,686.714928
509.140193,100,686.911929
554.115508,100,687.111934
281.618193,100,687.31293
-583.599681,100,687.503929
471.84495,100,687.705928
560.647941,100,687.897928
485.81893,100,688.10293
492.866301,100,688.294927
420.190847,100,688.497929
442.305034,100,688.693928
551.436437,100,688.95593
461.633112,100,689.171928
504.742538,100,689.365928
-991.463032,100,689.560927
-1854.773238,100,689.759932
291.696316,100,693.580925
532.34555,100,693.781932
540.647941,100,693.976928
467.627537,100,694.159929
437.023619,100,694.351927
596.159732,100,694.549928
-2050.312661,100,694.736926
481.011562,100,694.927929
347.447966,100,695.119926
484.742538,100,695.324929
497.512496,100,695.522938
-621.975112,100,695.724928
368.857968,100,695.931939
510.184418,100,696.204927
-599.459175,100,696.398929
-221.876671,100,696.598927
565.884798,100,696.803928
528.724334,100,697.002929
403.235457,100,697.19593
539.15225,100,697.385928
493.396256,100,701.173928
356.873677,100,701.372929
210.859617,100,701.574925
502.998266,100,701.77493
288.869841,100,701.95393
413.929023,100,702.138925
478.721228,100,702.333932
461.563201,100,702.534931
514.863154,100,702.726928
386.761409,100,702.921929
516.227974,100,703.118928
543.038782,100,703.388927
458.126032,100,703.587928
558.531367,100,703.775927
472.137087,100,703.966929
139.521517,100,704.162927
473.607426,100,704.350929
529.524219,100,704.548927
520.433331,100,704.73993
533.064135,100,704.926929
455.933065,100,705.123927
468.786428,100,708.986928
522.947227,100,709.18493
500.947561,100,709.364925
519.947227,100,709.56093
583.013429,100,709.760927
552.878317,100,709.947928
538.280015,100,710.21593
501.676335,100,710.421926
387.034477,100,710.618928
516.140527,100,710.808933
-74.251007,100,711.004928
501.812115,100,711.202931
522.838135,100,711.394925
538.954042,100,711.588928
246.393853,100,711.788926
524.761743,100,711.989928
383.659704,100,712.187928
130.122474,100,712.375928
429.164681,100,712.562928
521.023619,100,712.761931
486.20977,100,716.65893
-1278.430888,100,716.865929
522.318664,100,717.060928
535.480328,100,717.354927
518.282454,100,717.551927
512.165546,100,717.749928
523.761075,100,717.948929
352.820503,100,718.152932
535.874543,100,718.351926
540.947561,100,718.538928
507.575258,100,718.737929
517.344882,100,718.931929
291.735515,100,719.108932
458.855672,100,719.300928
538.447629,100,719.497925
551.436437,100,719.683927
505.717185,100,719.865927
534.093864,100,720.062928
581.411085,100,720.260928
553.064135,100,720.45193
490.947561,100,720.722929
235.667768,100,724.460933
351.844283,100,724.642926
460.374945,100,724.832929
542.742871,100,725.028928
541.09353,100,725.229931
455.976622,100,725.418928
471.180978,100,725.621927
517.203289,100,725.821927
430.906377,100,726.019929
462.111734,100,726.205929
567.871168,100,726.393929
278.274757,100,726.587927
496.819264,100,726.780927
478.70269,100,726.97493
493.330721,100,727.17693
501.786762,100,727.373927
543.618815,100,727.574931
494.812449,100,727.844925
501.991117,100,728.039928
518.275639,100,728.242928
526.90367,100,732.02293
539.436437,100,732.214926
384.729322,100,732.408929
527.645169,100,732.604926
563.038782,100,732.801929
523.389107,100,732.992928
511.856673,100,733.183929
535.491853,100,733.373928
480.20977,100,733.563926
512.947227,100,733.752929
492.305702,100,733.955929
-572.118999,100,734.152925
-30.699958,100,734.355929
509.9986,100,734.548928
503.280015,100,734.754932
501.786762,100,735.032927
455.275973,100,735.220927
538.856339,100,735.42193
297.394944,100,735.611928
498.651984,100,735.800928
-384.800944,100,735.994927
421.037249,100,739.818927
498.067176,100,740.01393
514.935504,100,740.207928
490.400298,100,740.406929
514.651984,100,740.596935
544.358552,100,740.790926
374.402403,100,740.987932
286.417799,100,741.185932
497.184084,100,741.381928
229.136554,100,741.570927
446.855672,100,741.769928
394.20981,100,741.95593
354.71549,100,742.14893
525.604987,100,742.412925
170.486122,100,742.613928
431.658465,100,742.818928
486.626297,100,743.001928
524.761743,100,743.209929
325.201422,100,743.415926
530.863822,100,743.604928
423.456817,100,747.428926
464.1114,100,747.621934
358.90618,100,747.82294
494.790805,100,748.013929
477.629444,100,748.195933
513.307807,100,748.391928
-2443.566447,100,748.588925
480.279681,100,748.777928
-610.504917,100,748.969929
542.206395,100,749.23293
545.815555,100,749.433927
536.294177,100,749.61993
434.265186,100,749.815933
477.863488,100,750.004928
499.202955,100,750.192927
483.20977,100,750.384933
509.586449,100,750.590931
514.88236,100,750.778929
491.837174,100,750.969931
549.29451,100,751.166928
512.027996,100,751.361932
494.633446,100,755.169928
507.232351,100,755.359928
441.680712,100,755.543927
454.228308,100,755.738927
305.488823,100,755.943929
465.695541,100,756.139937
458.322904,100,756.328934
490.030768,100,756.627928
-898.221617,100,756.824933
336.648409,100,757.02193
473.842178,100,757.204929
473.8053,100,757.395927
450.676669,100,757.587929
446.809009,100,757.782928
446.187125,100,757.978926
472.260142,100,758.16993
499.9986,100,758.363927
489.216919,100,758.566931
455.118215,100,758.765931
410.790273,100,758.954928
512.370903,100,762.687929
467.739537,100,762.878929
-216.778215,100,763.070928
513.126603,100,763.267925
-2224.892959,100,763.543928
394.515339,100,763.743931
430.848325,100,763.948931
359.526728,100,764.143929
400.879825,100,764.344925
426.82912,100,764.535928
460.495562,100,764.760929
476.38176,100,765.053929
-1514.995679,100,765.325928
364.321705,100,765.574928
486.075595,100,765.805928
452.144236,100,766.093931
442.425317,100,766.377928
400.848325,100,766.586928
210.004828,100,766.929928
484.585782,100,767.147932
486.12503,100,767.355927
408.09948,100,771.398928
412.982769,100,771.587929
432.213479,100,771.782928
394.00879,100,771.982932
394.033809,100,772.185929
459.69925,100,772.374925
436.074658,100,772.565928
446.93644,100,772.757931
418.193742,100,772.959929
438.983103,100,773.169929
260.991585,100,773.376926
394.131511,100,773.573929
404.03137,100,773.773929
407.926822,100,774.05793
478.309077,100,774.252928
345.246891,100,774.442931
310.479731,100,774.649929
405.81596,100,774.836927
400.917235,100,775.023929
372.484244,100,775.218928
383.877721,100,779.161929
419.98748,100,779.367929
473.381426,100,779.559924
358.277481,100,779.755929
260.027783,100,779.941929
461.589824,100,780.144932
406.56691,100,780.344929
462.16244,100,780.601928
406.476023,100,780.809929
456.443855,100,781.009927
472.976288,100,781.204929
291.802327,100,781.406926
402.559427,100,781.601928
398.887642,100,781.800928
476.42936,100,781.992926
465.231349,100,782.194928
457.355406,100,782.388928
362.18626,100,782.587927
413.961459,100,782.782927
440.494561,100,782.977928
462.123259,100,783.169929
442.775642,100,786.947929
431.147945,100,787.153926
454.461725,100,787.352931
420.147277,100,787.549928
445.289538,100,787.82593
465.608999,100,788.021928
396.61204,100,788.222927
422.384468,100,788.419929
441.179256,100,788.611929
312.766357,100,788.806928
432.198984,100,789.006928
433.885401,100,789.206928
381.44299,100,789.39993
414.786833,100,789.594929
439.84151,100,789.798925
439.936107,100,789.998928
497.140796,100,790.18593
161.734016,100,790.36993
418.936107,100,790.56793
394.282723,100,790.759925
408.376651,100,794.679927
468.048638,100,795.013927
420.038185,100,795.225929
293.479167,100,795.424926
487.04964,100,795.617925
465.633715,100,795.891931
383.934345,100,796.170929
500.03014,100,796.534928
411.137795,100,797.071452
-1452.618451,100,797.317452
-1665.377716,100,797.592451
433.527396,100,797.848454
238.34884,100,798.126452
408.0777,100,798.463741
432.713547,100,798.695387
395.180446,100,798.93453
475.355072,100,799.147477
389.312999,100,799.36805
452.526728,100,799.577408
-419.995199,100,799.796569
380.287736,100,800.001978
403.994295,100,804.080715
457.571287,100,804.289948
398.051679,100,804.509428
478.205996,100,804.724859
388.48217,100,804.940455
441.490453,100,805.158944
469.853036,100,805.380345
377.97138,100,805.645166
367.765158,100,805.890158
474.862527,100,806.104577
463.885401,100,806.296498
476.789843,100,806.504116
406.732085,100,806.710126
343.155665,100,806.921057
439.282723,100,807.127908
442.618283,100,807.330516
411.987146,100,807.54456
332.504188,100,807.757468
403.190834,100,807.96398
398.359782,100,808.164947
449.917569,100,812.242384
474.845219,100,812.478823
447.991523,100,812.696475
427.884733,100,812.928703
102.055033,100,813.228825
415.479731,100,813.432197
453.421543,100,813.664145
413.711878,100,813.874256
395.146943,100,814.084868
352.868384,100,814.288977
449.461725,100,814.531903
460.934574,100,814.743488
342.655931,100,814.95667
-284.108253,100,815.156396
429.461861,100,815.377969
-1504.18946,100,815.582864
492.487412,100,815.792679
471.189072,100,815.998836
247.44835,100,816.196519
306.690343,100,816.461634
452.943255,100,816.7239
439.658505,100,820.721317
460.991856,100,820.928664
488.88911,100,821.136529
470.590158,100,821.34365
480.106826,100,821.567136
-3389.938797,100,821.779008
384.355072,100,821.984999
469.475689,100,822.19642
463.775642,100,822.403738
-329.056643,100,822.606308
326.079607,100,822.804955
381.241539,100,823.010458
417.648918,100,823.215754
431.461528,100,823.408739
-263.678503,100,823.614689
467.425317,100,823.897973
476.902603,100,824.101091
438.614843,100,824.301991
470.382363,100,824.509557
437.242228,100,824.713056
465.404007,100,828.764934
452.815156,100,828.973698
374.769065,100,829.187044
466.30126,100,829.396446
-420.335054,100,829.604871
452.309411,100,829.806479
423.866195,100,830.00709
491.735658,100,830.211472
436.031037,100,830.421547
489.520247,100,830.708054
442.937108,100,830.930733
476.789803,100,831.144601
-1756.311462,100,831.348191
474.235726,100,831.562858
-536.529192,100,831.762371
441.800327,100,831.974017
408.659402,100,832.187249
425.538451,100,832.396397
432.173965,100,832.61933
332.169922,100,832.857728
455.929762,100,833.063265
455.727709,100,837.203084
437.071021,100,837.416357
410.542494,100,837.741818
444.003716,100,837.959464
487.45194,100,838.173577
448.676938,100,838.384062
-1311.929274,100,838.579476
406.501042,100,838.789164
453.7712,100,838.987242
423.877721,100,839.194227
-1297.039212,100,839.401505
390.477874,100,839.606715
250.160842,100,839.821397
447.53745,100,840.029274
476.50595,100,840.247175
223.223696,100,840.439997
498.805235,100,840.647473
257.917105,100,840.920695
452.130677,100,841.143456
386.658066,100,841.349909
477.929292,100,845.363732
-2001.521084,100,845.573713
467.331324,100,845.775337
414.728311,100,845.978957
497.101615,100,846.181054
462.148612,100,846.380124
420.928958,100,846.586741
444.71168,100,846.806743
-3414.944581,100,847.011968
480.672895,100,847.220959
504.277586,100,847.424763
474.447898,100,847.625008
424.364159,100,847.821365
443.096905,100,848.031988
414.520247,100,848.308549
435.147277,100,848.532507
179.065842,100,848.725016
407.55579,100,848.922565
515.809009,100,849.131472
459.950976,100,849.336594
427.311784,100,849.538273
455.698916,100,853.576653
307.178889,100,853.792612
455.39963,100,854.001862
386.387979,100,854.210402
212.348274,100,854.41751
438.133116,100,854.630881
464.724602,100,854.842284
475.513098,100,855.05957
453.925988,100,855.281608
350.756239,100,855.567877
77.529843,100,855.784294
466.412229,100,855.993
465.370838,100,856.208802
514.10499,100,856.418656
443.677074,100,856.62633
417.837873,100,856.824876
467.790177,100,857.028551
466.79762,100,857.228705
450.947298,100,857.431445
472.316463,100,857.636843
433.184353,100,861.594138
469.03137,100,861.796518
318.146678,100,861.995335
341.670344,100,862.193823
494.093465,100,862.489237
440.091663,100,862.699049
447.074593,100,862.912237
352.275042,100,863.120451
502.356979,100,863.323509
180.286034,100,863.534515
394.008162,100,863.746804
447.385738,100,863.950844
363.611786,100,864.15248
407.888578,100,864.350493
444.126634,100,864.554813
443.554019,100,864.758088
431.447564,100,864.966619
328.624887,100,865.175474
405.279085,100,865.379543
420.73546,100,865.580605
486.556655,100,865.790726
467.827618,100,869.900141
461.898029,100,870.114275
419.70944,100,870.320327
-566.006853,100,870.529499
399.724602,100,870.727661
328.325945,100,870.932581
379.011634,100,871.133631
-321.137151,100,871.328401
433.425586,100,871.614039
476.638092,100,871.825618
454.684755,100,872.034828
439.597576,100,872.248293
420.588291,100,872.475117
471.747183,100,872.691045
500.041625,100,872.898093
492.306607,100,873.112978
-996.852463,100,873.332242
394.567847,100,873.553214
462.315224,100,873.767844
410.074927,100,873.994224
413.916901,100,878.055446
464.440455,100,878.260098
372.630847,100,878.553502
317.826908,100,878.76106
436.007091,100,878.961783
498.166554,100,879.170669
443.081408,100,879.379408
420.713482,100,879.58235
477.382029,100,879.793626
529.790072,100,879.990614
447.304302,100,880.191187
260.482826,100,880.394179
-51.012625,100,880.592717
454.924986,100,880.79421
455.888776,100,881.000805
369.655764,100,881.209095
438.484108,100,881.421873
419.323309,100,881.719498
457.251294,100,881.936614
454.932667,100,882.138104
409.374015,100,886.248548
165.210846,100,886.495405
68.028625,100,886.743748
441.71415,100,886.967689
355.145744,100,887.187299
376.31693,100,887.402885
444.052752,100,887.610988
438.468475,100,887.815363
449.472852,100,888.015021
376.538856,100,888.215298
147.566101,100,888.430495
471.239101,100,888.720873
435.771868,100,888.934446
400.366866,100,889.130558
460.83039,100,889.335102
418.495633,100,889.533295
-521.829595,100,889.740268
490.1739,100,889.938407
362.591196,100,890.143803
470.472249,100,890.350592
462.429295,100,890.549543
491.78777,100,894.581614
431.406714,100,894.790847
459.535481,100,894.993437
484.346224,100,895.201972
466.130009,100,895.414471
472.282658,100,895.630918
443.386406,100,895.93702
-2095.887658,100,896.148761
467.940817,100,896.350338
473.73673,100,896.552366
213.831573,100,896.768839
486.045467,100,896.968163
452.734792,100,897.188936
466.192104,100,897.419214
487.604057,100,897.624972
460.103655,100,897.837515
361.211713,100,898.049378
454.944192,100,898.25755
405.585717,100,898.459269
424.13602,100,898.661521
478.52085,100,902.711588
480.498986,100,902.92294
343.708772,100,903.216381
-127.738502,100,903.442496
241.103387,100,903.662548
479.26068,100,903.883727
500.736397,100,904.096779
401.432067,100,904.290615
538.647811,100,904.492668
501.535011,100,904.695312
466.334365,100,904.89489
509.044465,100,905.109842
465.699519,100,905.321837
492.695476,100,905.527438
391.038454,100,905.73847
-1182.362063,100,905.955106
434.457754,100,906.164337
448.334031,100,906.478451
517.52182,100,906.714383
396.334161,100,906.926862
471.224606,100,907.139893
461.546536,100,911.012808
278.828168,100,911.223032
487.013769,100,911.445238
450.758041,100,911.658143
506.526061,100,911.8748
440.637424,100,912.079211
410.283128,100,912.336472
520.053283,100,912.590691
252.319213,100,912.793718
482.345151,100,912.995262
488.950537,100,913.207208
354.328681,100,913.419106
499.33099,100,913.624331
445.242541,100,913.832168
517.072155,100,914.038344
-63.478628,100,914.242863
487.545934,100,914.445407
424.636154,100,914.644918
492.444124,100,914.856425
506.079304,100,915.060937
465.341377,100,919.113836
448.859087,100,919.308108
508.529501,100,919.516706
435.337805,100,919.798578
432.913795,100,920.001787
476.942588,100,920.204891
444.144171,100,920.401975
465.604255,100,920.609716
-1646.896112,100,920.822534
332.151319,100,921.029975
474.837403,100,921.235146
428.542494,100,921.43779
461.680981,100,921.633574
427.004682,100,921.836636
243.031665,100,922.043652
502.510462,100,922.251825
402.713816,100,922.450356
503.622261,100,922.652918
448.195878,100,922.86986
469.414728,100,923.07233
515.144838,100,923.374697
515.444458,100,927.331918
430.312452,100,927.546632
492.239768,100,927.755393
441.667153,100,927.968125
417.763854,100,928.172626
368.336272,100,928.378232
491.052282,100,928.580909
513.378589,100,928.791477
443.630275,100,928.995449
-2065.665682,100,929.204754
430.103989,100,929.402791
499.429295,100,929.601155
316.287337,100,929.805755
407.470913,100,930.013582
484.494495,100,930.215753
449.493361,100,930.415683
479.348526,100,930.687773
478.450939,100,930.893836
463.988083,100,931.098654
299.592668,100,931.304601
473.537718,100,935.369162
481.560364,100,935.571489
443.012768,100,935.781089
452.198919,100,935.987251
445.343284,100,936.191413
437.687796,100,936.400105
486.941556,100,936.604825
514.190769,100,936.817616
-191.949692,100,937.044379
332.328789,100,937.244868
432.639862,100,937.450501
-2276.141089,100,937.660857
498.359384,100,937.867821
363.246101,100,938.153577
407.643237,100,938.354547
-424.569965,100,938.560552
438.988083,100,938.770409
445.843352,100,938.984421
294.344623,100,939.185169
482.129008,100,939.390139
175.510855,100,939.585574
349.826665,100,943.551419
429.950673,100,943.751585
150.768461,100,943.960632
498.90872,100,944.164342
242.483918,100,944.363777
501.056992,100,944.564053
467.397263,100,944.793553
449.706804,100,945.022449
433.449603,100,945.304993
494.892287,100,945.498542
456.501978,100,945.702036
437.361154,100,945.914514
396.314158,100,946.130309
497.549643,100,946.34567
472.389447,100,946.55352
485.436777,100,946.757324
484.705134,100,946.961022
480.571222,100,947.159154
457.666152,100,947.371182
377.073728,100,947.572239
429.629076,100,951.52643
489.439819,100,951.739172
497.716857,100,951.949584
474.61281,100,952.232614
485.011133,100,952.436747
456.273207,100,952.635858
503.396262,100,952.855438
282.683918,100,953.066835
445.543233,100,953.281101
216.759364,100,953.485214
492.210308,100,953.69072
479.193408,100,953.888133
243.637468,100,954.091678
496.620156,100,954.302712
273.048801,100,954.504533
428.155028,100,954.770363
502.582747,100,954.971759
433.834433,100,955.181701
-140.642039,100,955.389184
471.363426,100,955.685742
522.064475,100,955.885083
493.287034,100,959.836767
485.670194,100,960.046674
558.035682,100,960.246691
324.749359,100,960.451424
385.228951,100,960.641684
566.758309,100,960.852765
505.155965,100,961.055338
467.840914,100,961.281404
496.528601,100,961.489077
291.900838,100,961.701685
506.049843,100,961.918001
463.696215,100,962.135786
518.268227,100,962.388217
531.472852,100,962.644406
473.147212,100,962.85386
244.874178,100,963.057922
538.524559,100,963.26673
359.271485,100,963.474321
507.286366,100,963.678776
466.024627,100,963.882445
518.542095,100,967.909763
82.597891,100,968.109796
499.535082,100,968.316728
55.052154,100,968.530592
487.016143,100,968.739194
377.310098,100,968.945723
495.753933,100,969.143852
-556.051026,100,969.351946
475.644842,100,969.558889
542.118753,100,969.84476
508.049509,100,970.045256
-1607.580277,100,970.251765
493.851969,100,970.450268
324.130915,100,970.646472
558.469745,100,970.848073
531.421144,100,971.048439
517.66986,100,971.2645
333.692588,100,971.48359
443.980068,100,971.696568
160.627349,100,971.903676
542.37717,100,972.106982
527.177275,100,976.094032
-119.746705,100,976.297289
-261.434842,100,976.514491
513.349265,100,976.728694
528.086388,100,977.018632
425.565843,100,977.223533
461.651656,100,977.437164
385.388627,100,977.645274
522.809683,100,977.850973
518.484043,100,978.047908
460.510063,100,978.24885
-73.54842,100,978.453931
454.04654,100,978.656449
541.914398,100,978.869106
516.324246,100,979.078718
384.156465,100,979.275827
476.63068,100,979.490018
391.393792,100,979.681823
519.714085,100,979.882318
553.816361,100,980.089808
433.031776,100,984.233286
551.772471,100,984.496639
489.70256,100,984.703609
514.241474,100,984.913331
491.433337,100,985.115042
-1976.548697,100,985.321488
572.225542,100,985.52877
522.426325,100,985.737027
468.891817,100,985.944544
224.547083,100,986.141344
253.276507,100,986.346857
417.387852,100,986.548607
470.993562,100,986.755311
-2.587999,100,986.965231
480.765458,100,987.168534
510.605626,100,987.37305
532.021187,100,987.588588
573.578837,100,987.804623
0.080288,100,988.0876
602.429897,100,988.280599
430.120994,100,988.481182
566.411693,100,992.42489
496.926591,100,992.629022
526.713751,100,992.823992
545.23984,100,993.028762
481.112074,100,993.237445
476.984445,100,993.444981
531.1236,100,993.647133
442.723808,100,993.854265
452.023928,100,994.055084
201.332119,100,994.24178
479.169595,100,994.451542
468.5115,100,994.664213
399.079678,100,994.867283
524.926257,100,995.138772
-545.016646,100,995.355424
393.134487,100,995.562808
397.551014,100,995.775642
239.507775,100,995.983542
548.302268,100,996.186553
536.45869,100,996.39884
542.798157,100,1000.398306
-103.819371,100,1000.61003
509.483709,100,1000.811898
550.347793,100,1001.020798
530.796325,100,1001.225022
520.602722,100,1001.443888
609.783662,100,1001.655654
-751.569148,100,1001.873261
-535.111988,100,1002.073804
419.435194,100,1002.350164
256.654546,100,1002.573469
530.64855,100,1002.773844
543.525965,100,1002.981368
-1802.17508,100,1003.186813
499.266194,100,1003.384659
527.779286,100,1003.597139
-168.370487,100,1003.806549
513.130748,100,1004.019119
488.702028,100,1004.217198
525.086054,100,1004.419176
516.09387,100,1004.630896
466.992697,100,1008.631442
585.239703,100,1008.836622
505.804638,100,1009.04676
499.604994,100,1009.254267
485.4302,100,1009.46014
471.772273,100,1009.662715
380.354476,100,1009.867501
511.93975,100,1010.067944
539.213683,100,1010.274836
520.835035,100,1010.482408
495.991124,100,1010.698165
340.031665,100,1011.016446
547.130278,100,1011.229376
500.285365,100,1011.432379
409.0121,100,1011.642875
451.044904,100,1011.836917
555.611672,100,1012.046738
-804.60434,100,1012.249963
557.437046,100,1012.455149
416.057097,100,1012.666734
435.941991,100,1016.661996
509.246852,100,1016.867831
-701.695941,100,1017.077442
495.983641,100,1017.278517
552.130278,100,1017.490772
401.365333,100,1017.703876
576.904279,100,1017.919515
563.053218,100,1018.2052
541.232691,100,1018.416455
405.128674,100,1018.615511
519.176941,100,1018.816527
336.67501,100,1019.020744
469.291547,100,1019.217614
381.996305,100,1019.415162
574.574126,100,1019.614576
450.621927,100,1019.810846
-850.459684,100,1020.017277
496.579307,100,1020.223298
474.869308,100,1020.426893
427.581078,100,1020.629388
-699.681487,100,1020.832626
553.983975,100,1024.808456
442.085157,100,1025.098859
490.177609,100,1025.297071
519.297892,100,1025.505201
508.36249,100,1025.717644
426.275979,100,1025.921762
555.958288,100,1026.132446
453.18409,100,1026.338735
434.595907,100,1026.543913
506.556393,100,1026.761257
493.033141,100,1026.998014
489.36376,100,1027.212035
409.681886,100,1027.405641
518.028002,100,1027.607382
530.367469,100,1027.815645
67.097865,100,1028.022141
573.836336,100,1028.222856
-650.606933,100,1028.421637
515.717327,100,1028.687049
50.8524,100,1028.922835
527.465369,100,1032.945738
518.086388,100,1033.14661
489.307676,100,1033.346766
524.343096,100,1033.548206
539.819468,100,1033.743541
417.765093,100,1033.953552
534.800262,100,1034.150585
476.377056,100,1034.356715
491.710042,100,1034.563622
456.268162,100,1034.771411
446.222936,100,1034.974725
465.219895,100,1035.17931
415.738167,100,1035.391353
-433.311084,100,1035.596399
487.954246,100,1035.797488
560.804502,100,1036.126929
548.54657,100,1036.346519
497.195813,100,1036.543553
512.606962,100,1036.747125
499.568115,100,1036.94829
542.079573,100,1037.155383
221.430277,100,1041.146975
523.33774,100,1041.350519
524.484377,100,1041.54293
579.739438,100,1041.749064
494.352235,100,1042.061129
505.874883,100,1042.264476
449.012768,100,1042.467867
454.234527,100,1042.674735
521.970481,100,1042.891945
473.048678,100,1043.208849
379.514681,100,1043.414127
376.909823,100,1043.612311
511.337406,100,1043.814758
458.410089,100,1044.019807
297.396089,100,1044.224112
455.940888,100,1044.428181
425.905113,100,1044.625706
520.016143,100,1044.838791
518.593802,100,1045.045103
465.365596,100,1045.257701
396.663797,100,1049.212237
537.035014,100,1049.422737
522.195479,100,1049.633411
507.991124,100,1049.836526
547.021187,100,1050.03173
519.235327,100,1050.237322
541.60466,100,1050.449403
492.180047,100,1050.654905
463.821238,100,1050.865166
445.239672,100,1051.069194
600.720764,100,1051.266503
468.816498,100,1051.535881
498.676539,100,1051.753303
355.872984,100,1051.96216
558.829185,100,1052.189584
473.782058,100,1052.410828
535.208973,100,1052.625889
588.961997,100,1052.844618
470.042497,100,1053.058218
515.611338,100,1053.277514
579.239036,100,1053.481368
