#{"t_start": 1779490528.820757, "env_id": "None"}
r,l,t
156.788047,100,12.235797
-3604.458168,100,12.416796
183.939128,100,12.582796
128.098744,100,12.770797
189.756338,100,12.936797
169.155756,100,13.107795
181.995869,100,13.291796
148.811929,100,13.469798
152.119597,100,13.649796
147.291018,100,13.815796
160.827323,100,13.997799
-2662.165178,100,14.172797
162.55319,100,14.341794
166.770298,100,14.524796
146.488494,100,14.694798
151.665579,100,14.885796
159.478369,100,15.069796
171.273366,100,15.252795
171.713428,100,15.439793
150.018481,100,15.610816
171.345871,100,21.601797
180.844139,100,21.794796
-6855.541099,100,21.9618
-389.858407,100,22.136797
178.252709,100,22.314795
48.765723,100,22.487795
154.305905,100,22.675796
180.307012,100,22.897796
174.75522,100,23.079798
186.1679,100,23.2518
165.623006,100,23.429798
107.416965,100,23.595796
165.864016,100,23.780797
191.589817,100,23.950798
139.330654,100,24.141794
178.146715,100,24.312795
171.995555,100,24.483796
180.352708,100,24.657799
156.467415,100,24.8378
181.48726,100,25.011797
173.079766,100,30.930798
186.437806,100,31.095796
209.188793,100,31.274793
175.925027,100,31.463798
212.892236,100,31.637796
179.151833,100,31.821796
203.73745,100,32.010818
-1123.511776,100,32.189797
144.324349,100,32.367794
183.905809,100,32.5338
154.319125,100,32.716796
-3250.088818,100,32.887793
155.236229,100,33.060796
200.818892,100,33.228795
169.711773,100,33.4058
174.969111,100,33.587798
162.87953,100,33.761798
-3692.187162,100,33.940795
183.567412,100,34.106798
191.024645,100,34.293798
157.835262,100,34.470796
202.849035,100,40.332797
43.344964,100,40.499793
188.326358,100,40.671797
188.497013,100,40.853796
194.743735,100,41.054826
-2432.267433,100,41.236794
122.366075,100,41.423798
174.698593,100,41.614794
189.674039,100,41.777798
182.994082,100,41.964796
195.869578,100,42.134796
195.431921,100,42.311826
196.710788,100,42.481796
214.392713,100,42.659797
-4393.900222,100,42.84281
-484.558529,100,43.014796
183.054772,100,43.200798
207.210836,100,43.370795
186.185985,100,43.553797
195.715949,100,43.741826
-2929.616887,100,49.686801
187.012955,100,49.864802
176.486286,100,50.051794
189.13567,100,50.244797
175.416156,100,50.414797
217.1481,100,50.610795
-2491.359351,100,50.786797
-321.951812,100,50.9598
196.502206,100,51.139797
179.742174,100,51.320796
-350.029068,100,51.4958
200.081064,100,51.675796
177.494078,100,51.850797
175.3188,100,52.0268
-43.366018,100,52.199795
206.51885,100,52.382796
177.438715,100,52.5658
164.777058,100,52.749797
191.373576,100,52.937795
169.358996,100,53.1168
163.221113,100,53.279795
161.71143,100,59.308798
198.604617,100,59.495798
184.019378,100,59.661798
-2510.552912,100,59.847826
175.488129,100,60.015793
150.180549,100,60.196798
191.764198,100,60.371801
143.90366,100,60.547796
205.200579,100,60.730796
-3409.664183,100,60.897796
181.658904,100,61.070796
194.275296,100,61.236797
182.060704,100,61.414798
181.991692,100,61.592797
163.493655,100,61.7678
-8408.359006,100,61.9678
195.244291,100,62.155799
205.309243,100,62.324798
179.550241,100,62.502797
-550.200937,100,62.6698
188.516775,100,68.567801
192.985586,100,68.754796
185.106417,100,68.9198
-4165.226631,100,69.103795
181.288908,100,69.281796
182.042157,100,69.459798
-3255.454544,100,69.629796
183.206876,100,69.805795
174.887547,100,69.980813
172.659665,100,70.145796
177.142327,100,70.3328
169.629168,100,70.502795
190.704852,100,70.683793
174.755259,100,70.867796
142.430107,100,71.053797
202.04604,100,71.231796
173.798852,100,71.405796
48.162225,100,71.5838
182.849199,100,71.769795
201.383624,100,71.947796
211.202175,100,72.129797
202.832843,100,78.007832
186.999838,100,78.189796
217.2408,100,78.379797
180.034566,100,78.547799
179.135837,100,78.720795
-3197.076552,100,78.9028
215.422816,100,79.067799
180.770133,100,79.242795
202.979574,100,79.413793
207.444984,100,79.592802
149.705772,100,79.754798
193.520297,100,79.946794
195.505707,100,80.134793
195.272623,100,80.314793
171.888192,100,80.507796
208.161025,100,80.666796
-1484.039519,100,80.853797
228.117922,100,81.0228
193.252052,100,81.191797
219.243426,100,81.389798
193.225052,100,87.455826
196.708003,100,87.6308
175.072993,100,87.805794
184.440994,100,87.980797
-400.363109,100,88.144794
189.786951,100,88.323796
223.659233,100,88.490802
184.925924,100,88.654795
188.520564,100,88.834796
183.143535,100,89.003796
209.65655,100,89.178797
198.760853,100,89.349798
207.283059,100,89.5398
209.689742,100,89.709796
-6.70739,100,89.893799
205.36609,100,90.069797
201.529254,100,90.233797
194.868369,100,90.4108
225.763809,100,90.584796
-5584.598448,100,90.775794
200.186066,100,90.951798
-1172.203738,100,96.963795
188.916927,100,97.1458
188.360706,100,97.319801
142.985017,100,97.492796
202.261178,100,97.682796
167.887579,100,97.864795
179.091842,100,98.038798
-1710.414079,100,98.2158
201.882412,100,98.3898
198.421527,100,98.567796
134.028983,100,98.736796
194.23393,100,98.921795
206.793048,100,99.107806
191.064041,100,99.294797
193.536611,100,99.481798
179.101244,100,99.653798
-1008.640061,100,99.830798
220.373772,100,100.007796
171.890779,100,100.176795
-292.638092,100,100.348796
-3231.781981,100,106.457795
-2434.943577,100,106.646798
190.544902,100,106.836795
206.56679,100,107.003796
216.096497,100,107.178796
207.445871,100,107.361799
224.169747,100,107.536796
176.758601,100,107.7058
188.803418,100,107.883796
191.675481,100,108.068796
183.997173,100,108.239796
179.419927,100,108.421796
169.069906,100,108.608796
154.672234,100,108.777801
195.591891,100,108.950796
191.221089,100,109.1178
180.760442,100,109.287796
176.907101,100,109.462797
181.259431,100,109.654797
198.973527,100,109.851795
171.807041,100,110.027796
182.006121,100,116.080797
176.013505,100,116.252797
191.604215,100,116.433796
165.8166,100,116.600796
175.793359,100,116.7728
196.404627,100,116.940797
200.153644,100,117.128795
178.829331,100,117.319794
204.880161,100,117.505795
-8723.156541,100,117.699815
195.63824,100,117.8648
161.858244,100,118.041796
-48.849977,100,118.219796
201.44255,100,118.396797
182.720924,100,118.574797
-1021.579489,100,118.761797
162.993599,100,118.929796
199.465444,100,119.099796
168.285746,100,119.263796
202.60999,100,119.448796
172.038437,100,125.392801
205.171685,100,125.574795
200.389976,100,125.737795
194.619784,100,125.9168
176.254687,100,126.083797
178.372148,100,126.2758
211.738278,100,126.470815
150.261413,100,126.657795
197.911098,100,126.831795
186.654123,100,126.992796
180.431289,100,127.174796
202.779575,100,127.346802
194.728728,100,127.519798
177.05581,100,127.702795
2.21396,100,127.870826
212.090354,100,128.051796
-7871.245479,100,128.229797
192.734168,100,128.414796
181.310558,100,128.5888
181.511289,100,128.7548
212.585265,100,128.937798
191.776676,100,134.769797
176.265196,100,134.943803
208.565319,100,135.117797
-4573.806014,100,135.305797
178.327515,100,135.493796
210.181038,100,135.6758
195.673851,100,135.864799
169.964028,100,136.024797
175.154131,100,136.200799
178.421931,100,136.376796
194.338305,100,136.561796
194.279534,100,136.737797
200.683224,100,136.914795
186.883568,100,137.086802
186.485812,100,137.259798
181.210668,100,137.4478
193.904651,100,137.619799
179.495774,100,137.790794
123.762664,100,137.962796
173.773833,100,138.132797
180.44477,100,144.081802
185.597104,100,144.2668
-1199.047105,100,144.431798
187.489166,100,144.608795
211.713881,100,144.801796
193.21084,100,144.975795
182.903292,100,145.158796
-342.143435,100,145.341799
174.187022,100,145.503798
-2559.849114,100,145.678796
202.784708,100,145.844795
-384.35769,100,146.027796
114.957598,100,146.1948
197.432569,100,146.371797
178.528829,100,146.537799
197.460659,100,146.716815
213.69914,100,146.881798
204.505974,100,147.072796
201.907471,100,147.272797
181.740874,100,147.447798
185.930445,100,147.626796
152.347475,100,153.541796
202.309532,100,153.713798
160.800268,100,153.8938
185.282605,100,154.065797
72.712464,100,154.240798
212.043293,100,154.4268
-315.866815,100,154.589794
168.54839,100,154.774798
-352.622033,100,154.955797
211.150613,100,155.135801
87.035285,100,155.318796
178.323932,100,155.542794
132.934827,100,155.707797
164.136571,100,155.8868
-1556.669696,100,156.045798
194.518719,100,156.240794
181.428565,100,156.431796
196.419049,100,156.605796
107.743091,100,156.793797
178.757247,100,156.964801
189.212171,100,162.816825
191.508982,100,163.002795
149.527702,100,163.171795
173.006366,100,163.348799
160.724217,100,163.516796
190.49143,100,163.689793
159.354105,100,163.857796
174.816626,100,164.037793
199.335769,100,164.216796
198.000884,100,164.392796
192.088857,100,164.571798
209.11233,100,164.749798
186.620044,100,164.924796
206.824415,100,165.102798
-1729.589796,100,165.285795
212.743366,100,165.468812
170.463076,100,165.648795
201.813798,100,165.839796
208.027934,100,166.008798
153.13254,100,166.175797
214.538726,100,166.357796
210.715174,100,172.197801
230.383493,100,172.382796
-3124.099474,100,172.561793
176.126942,100,172.751794
181.381159,100,172.934797
180.763093,100,173.119795
208.390686,100,173.299796
191.027007,100,173.481798
160.025361,100,173.658794
214.545371,100,173.840798
187.396229,100,174.016797
165.481251,100,174.204797
104.480179,100,174.358796
171.732497,100,174.535797
122.419265,100,174.697796
-112.105623,100,174.868797
198.404092,100,175.032797
-2471.156157,100,175.216798
177.39853,100,175.389802
181.150868,100,175.568795
203.733174,100,181.427797
117.13864,100,181.595794
180.159344,100,181.781797
-3403.281987,100,181.978796
191.844151,100,182.157801
187.456858,100,182.348796
199.686716,100,182.519801
203.09602,100,182.704793
197.604926,100,182.889797
209.397289,100,183.0698
48.078628,100,183.251795
183.08047,100,183.425795
193.803269,100,183.590796
198.038464,100,183.769798
190.317267,100,183.939795
117.07751,100,184.119793
48.223818,100,184.293798
192.114245,100,184.474796
175.270468,100,184.646803
-591.657959,100,184.821796
176.423955,100,184.997794
197.078094,100,191.065795
190.116661,100,191.250798
180.687796,100,191.430792
-3815.360007,100,191.615795
163.020631,100,191.785796
189.060614,100,191.961793
188.05048,100,192.138794
178.792141,100,192.314798
180.646037,100,192.498795
-666.218078,100,192.670808
187.493377,100,192.849798
191.399438,100,193.024797
190.137533,100,193.1898
192.78577,100,193.366797
197.310261,100,193.530796
206.951335,100,193.709795
-194.179831,100,193.879799
175.103904,100,194.066796
205.730834,100,194.238799
195.112583,100,194.407796
190.544746,100,200.433801
200.84439,100,200.623795
190.518305,100,200.789797
206.966919,100,200.965796
-2389.903223,100,201.146797
-1587.706508,100,201.342795
191.788856,100,201.522796
177.409754,100,201.698798
169.835286,100,201.882801
151.050554,100,202.048796
208.548671,100,202.224796
206.79911,100,202.409796
182.76843,100,202.580796
134.492091,100,202.774795
187.320149,100,202.969798
169.685918,100,203.150798
192.666008,100,203.325798
182.585042,100,203.489796
152.32976,100,203.675795
167.404057,100,203.850795
187.627793,100,204.0198
183.88721,100,210.069827
210.789853,100,210.257801
201.211996,100,210.447795
184.33206,100,210.621795
207.19271,100,210.808799
185.264419,100,210.968796
196.730567,100,211.143795
199.908945,100,211.314797
184.653064,100,211.497797
-1253.297575,100,211.687794
208.043518,100,211.874797
205.186798,100,212.066793
167.883767,100,212.256797
169.829843,100,212.424794
188.774086,100,212.611797
188.3983,100,212.795796
186.546051,100,212.958795
189.999088,100,213.139813
172.602998,100,213.314798
171.64616,100,213.489796
182.820152,100,219.404797
194.752306,100,219.573797
187.50655,100,219.753796
149.805532,100,219.936803
198.610825,100,220.1078
-1645.809281,100,220.288798
175.772062,100,220.464795
196.812729,100,220.643795
186.222537,100,220.813795
196.074438,100,221.010796
166.532647,100,221.190794
187.316037,100,221.3698
-70.300134,100,221.552793
208.012033,100,221.739798
159.597582,100,221.900794
193.955351,100,222.087796
203.308859,100,222.259795
183.842058,100,222.447796
194.187478,100,222.622795
191.003992,100,222.788799
186.309559,100,222.968797
198.016762,100,229.0528
-17069.769995,100,229.221798
195.979413,100,229.396794
181.89441,100,229.566795
178.778358,100,229.732795
219.771064,100,229.917794
206.636393,100,230.0978
191.293891,100,230.284795
180.022214,100,230.470799
158.392713,100,230.644797
201.466993,100,230.817795
201.836082,100,230.985806
173.595479,100,231.160794
175.071992,100,231.3398
194.803631,100,231.510797
165.044373,100,231.6938
187.113386,100,231.858797
166.534497,100,232.0328
-4663.436697,100,232.207796
181.373593,100,232.391794
167.537166,100,238.590795
183.323642,100,238.755793
133.040466,100,238.930801
211.576671,100,239.104795
191.069665,100,239.2848
178.085558,100,239.446801
189.531437,100,239.638797
166.340112,100,239.8228
171.407061,100,239.987793
-4760.955346,100,240.180797
192.553625,100,240.365807
185.572702,100,240.536798
188.301036,100,240.710796
88.013009,100,240.883795
203.654997,100,241.0588
183.48214,100,241.229796
202.138363,100,241.406796
166.206422,100,241.586797
172.975732,100,241.766795
177.833765,100,241.954797
174.257604,100,242.131796
168.024892,100,248.150795
85.542904,100,248.334798
189.452364,100,248.5018
202.522546,100,248.6938
191.783899,100,248.878794
195.517614,100,249.067796
-335.441883,100,249.243797
202.877624,100,249.409798
200.484726,100,249.605796
174.21393,100,249.777802
193.561626,100,249.943796
185.003991,100,250.112796
-4236.296446,100,250.275797
169.640339,100,250.450796
-398.881884,100,250.633795
193.119843,100,250.8218
155.171202,100,251.012797
184.64466,100,251.192806
169.629407,100,251.380793
140.542381,100,251.563796
198.623875,100,257.508825
171.88902,100,257.676795
213.88405,100,257.860798
194.088434,100,258.040822
195.374215,100,258.212798
98.474849,100,258.389795
179.903088,100,258.570797
177.201201,100,258.7598
165.712645,100,258.939796
181.155404,100,259.108798
175.923431,100,259.279797
157.476091,100,259.452798
138.588114,100,259.633798
212.833326,100,259.809801
168.174417,100,259.999794
167.92953,100,260.191795
189.066298,100,260.372795
174.903132,100,260.555798
191.238738,100,260.726798
172.13127,100,260.903795
194.868834,100,266.995798
182.531833,100,267.174796
209.15056,100,267.364794
216.574085,100,267.551797
205.56126,100,267.7148
190.276337,100,267.888795
192.437154,100,268.064797
176.444679,100,268.243795
184.561986,100,268.409794
48.310102,100,268.592794
171.936864,100,268.773803
190.962622,100,268.940796
188.869875,100,269.117798
205.781026,100,269.2908
193.338361,100,269.475795
185.281591,100,269.658848
-16717.668442,100,269.8298
186.15335,100,270.0048
211.814636,100,270.165792
-2418.053142,100,270.351795
198.79537,100,270.5158
201.588877,100,276.912796
172.805978,100,277.085801
186.55763,100,277.263798
182.943154,100,277.440796
217.683011,100,277.609797
130.403144,100,277.782795
-2493.090192,100,277.960797
202.984674,100,278.139797
172.76021,100,278.321798
194.517774,100,278.4998
193.99101,100,278.663797
206.915069,100,278.841795
153.115635,100,279.002797
221.683308,100,279.172794
215.616084,100,279.329798
179.389394,100,279.514797
191.388222,100,279.686807
188.714596,100,279.8548
178.158857,100,280.038796
-4806.905479,100,280.212797
193.918349,100,286.203801
211.069455,100,286.371797
229.156335,100,286.552794
189.195487,100,286.724813
172.126303,100,286.891795
-576.91003,100,287.05481
197.576964,100,287.232796
207.069523,100,287.410793
221.948595,100,287.5778
199.735719,100,287.752794
245.047848,100,287.930796
205.98926,100,288.109795
208.090433,100,288.291793
208.925561,100,288.460797
188.411572,100,288.629801
184.524097,100,288.796793
174.739872,100,288.964799
203.879842,100,289.136796
173.504749,100,289.3128
199.137079,100,289.480798
215.744354,100,289.665801
183.23832,100,295.908797
211.497138,100,296.0808
194.493307,100,296.271797
206.990442,100,296.453845
182.900181,100,296.61884
215.956923,100,296.793837
178.094561,100,296.968837
186.454132,100,297.152839
-2683.760181,100,297.339839
220.207327,100,297.523837
-350.734203,100,297.707839
214.867415,100,297.869842
163.782797,100,298.043834
205.957774,100,298.218842
177.506507,100,298.389836
188.810192,100,298.57184
226.096527,100,298.738839
195.826061,100,298.920841
194.003427,100,299.10884
189.789616,100,299.275841
203.353409,100,305.266839
-554.627356,100,305.449839
197.940768,100,305.620838
171.88149,100,305.79184
202.671923,100,305.967842
206.748883,100,306.145838
197.914536,100,306.333837
-338.64016,100,306.525851
-131.24107,100,306.721836
206.126656,100,306.890839
196.002357,100,307.066839
-422.603942,100,307.231842
-689.577749,100,307.41284
174.316225,100,307.582837
178.351581,100,307.76084
217.366852,100,307.942842
186.13698,100,308.111843
214.073762,100,308.275846
191.402819,100,308.448842
165.372196,100,308.614839
222.4438,100,308.79584
162.337265,100,314.603843
-8872.324374,100,314.782839
208.572531,100,314.946842
186.806027,100,315.115843
206.256579,100,315.287837
186.673939,100,315.474838
43.886655,100,315.666843
184.606154,100,315.859837
191.799366,100,316.037839
169.870717,100,316.223839
175.948752,100,316.407836
196.476824,100,316.583836
-2046.309225,100,316.752843
183.841494,100,316.93784
186.46585,100,317.101836
199.183434,100,317.27484
199.183587,100,317.443838
191.546015,100,317.620841
204.620478,100,317.79084
199.947654,100,317.955839
191.548238,100,323.949848
-741.931721,100,324.122838
190.225807,100,324.300839
123.730276,100,324.458838
197.931473,100,324.643841
-4444.690026,100,324.805838
-4712.653417,100,324.990843
214.132137,100,325.165843
214.97078,100,325.337838
177.308855,100,325.516842
199.939494,100,325.683838
187.408513,100,325.859844
180.002209,100,326.029837
184.298146,100,326.203836
179.869541,100,326.385843
169.94898,100,326.567842
192.166857,100,326.745837
187.555435,100,326.915841
108.990717,100,327.109843
188.383437,100,327.300838
194.882042,100,327.48284
-424.840415,100,333.951868
172.713927,100,334.13084
164.75604,100,334.306836
179.882005,100,334.485838
160.715642,100,334.655838
-989.876893,100,334.842841
210.348048,100,335.019837
102.2552,100,335.199837
195.048947,100,335.380838
126.49745,100,335.563839
-5404.920844,100,335.746837
162.90976,100,335.924842
174.971041,100,336.088839
221.397671,100,336.269843
-1957.512517,100,336.461836
189.904027,100,336.643837
212.224609,100,336.833838
179.728909,100,337.010839
182.535215,100,337.185838
212.548772,100,337.375839
184.561253,100,343.413843
-187.604949,100,343.588837
179.060758,100,343.767841
188.658233,100,343.957837
204.691839,100,344.127837
174.650892,100,344.302842
-7651.47582,100,344.471838
191.80091,100,344.64884
189.837616,100,344.811839
189.371162,100,344.997839
166.802351,100,345.178843
166.773638,100,345.347843
40.463394,100,345.537837
172.400556,100,345.731838
181.455087,100,345.914842
180.571279,100,346.09184
166.51748,100,346.281836
182.081065,100,346.45484
153.543083,100,346.628839
196.568788,100,346.791836
166.126811,100,346.969843
190.704546,100,353.067836
183.35996,100,353.251842
-1066.645154,100,353.424837
208.631735,100,353.596839
166.248722,100,353.77084
169.238861,100,353.934842
163.896891,100,354.11884
140.458487,100,354.286837
224.519309,100,354.468837
89.946764,100,354.65484
182.098668,100,354.820838
196.874517,100,355.000841
177.857161,100,355.176838
176.725022,100,355.343843
189.22227,100,355.518839
173.536316,100,355.703838
176.863401,100,355.897837
183.48069,100,356.066838
180.248481,100,356.248842
171.976127,100,356.40984
163.560295,100,362.483868
191.685032,100,362.661843
165.621869,100,362.83584
182.283174,100,363.010838
195.759556,100,363.193838
112.74395,100,363.371838
186.974506,100,363.544842
184.45765,100,363.735839
-346.169678,100,363.914842
-7.872056,100,364.087838
174.69453,100,364.271838
162.056802,100,364.43784
164.968905,100,364.608843
177.215354,100,364.771843
218.259299,100,364.955845
162.869672,100,365.124839
181.633837,100,365.306838
203.53228,100,365.468837
194.231971,100,365.655837
179.349317,100,365.829839
144.532162,100,365.996837
-4495.418254,100,372.092836
200.807663,100,372.26284
179.474757,100,372.440842
161.135223,100,372.622844
176.218809,100,372.795837
174.134682,100,372.976837
176.574593,100,373.145843
212.220517,100,373.31784
168.307586,100,373.47984
200.493444,100,373.657838
174.872871,100,373.826837
190.481544,100,374.012843
188.771559,100,374.187843
185.870605,100,374.368842
-1526.053001,100,374.553838
198.558947,100,374.731837
180.743001,100,374.911842
-2863.178964,100,375.112838
197.389847,100,375.285835
181.087304,100,375.478843
181.719234,100,381.663843
200.509417,100,381.854842
173.054499,100,382.02984
199.622208,100,382.206838
185.694819,100,382.384839
183.352603,100,382.557837
185.681255,100,382.751837
175.334695,100,382.937837
-355.51531,100,383.117839
173.701463,100,383.290837
139.370593,100,383.469835
189.30664,100,383.637839
187.084823,100,383.813838
196.91543,100,383.982839
191.522118,100,384.165837
112.403858,100,384.331838
198.257994,100,384.516839
164.924121,100,384.697843
175.015601,100,384.874841
137.625037,100,385.048842
201.800387,100,385.217838
-17264.790727,100,391.125841
209.899779,100,391.320839
205.474386,100,391.484839
-4363.270532,100,391.676838
198.642627,100,391.878839
212.290173,100,392.06385
187.162514,100,392.248841
-1691.789446,100,392.426838
219.124146,100,392.585837
180.50043,100,392.762838
196.78521,100,392.925843
205.042979,100,393.111842
-1024.951312,100,393.277838
204.063346,100,393.448841
62.384948,100,393.621859
211.17644,100,393.801839
188.887294,100,393.977837
186.707186,100,394.142837
188.71072,100,394.31684
-4977.399165,100,394.49284
229.228004,100,400.460835
194.693599,100,400.638836
-175.982564,100,400.827837
200.972696,100,401.010839
211.240053,100,401.190838
210.534312,100,401.379842
187.929252,100,401.565838
212.879473,100,401.728838
202.642662,100,401.913838
176.209073,100,402.087837
195.142768,100,402.264842
185.424959,100,402.448837
196.784036,100,402.627836
167.445166,100,402.806847
215.157341,100,402.977839
195.449071,100,403.146836
200.090324,100,403.316838
-79.573304,100,403.496842
191.259256,100,403.669839
-817.877504,100,403.839839
190.485358,100,404.015839
182.135017,100,409.95884
188.942689,100,410.138839
220.62415,100,410.331839
170.80134,100,410.521848
228.134021,100,410.704839
206.385862,100,410.884842
174.796516,100,411.074838
173.54362,100,411.255839
213.402192,100,411.435836
179.276574,100,411.60984
-2548.890139,100,411.78884
195.202044,100,411.970838
212.722693,100,412.137842
168.797084,100,412.314839
193.826823,100,412.486839
198.969507,100,412.676838
-1007.117394,100,412.871837
225.912562,100,413.05184
59.535369,100,413.219842
192.127909,100,413.38284
-1643.587739,100,419.313843
-733.365246,100,419.480836
186.134032,100,419.67384
193.095224,100,419.84384
174.301817,100,420.018843
202.634396,100,420.19586
197.354101,100,420.36284
191.014592,100,420.535837
187.56087,100,420.705838
200.011258,100,420.889839
195.498456,100,421.06584
181.386102,100,421.239838
196.254039,100,421.422857
158.278592,100,421.603839
216.548634,100,421.785839
204.99073,100,421.973836
153.591901,100,422.169838
201.084745,100,422.344838
168.491742,100,422.507842
195.793573,100,422.689835
86.257421,100,422.849839
174.386547,100,428.779839
201.52819,100,428.956835
192.773684,100,429.128843
217.95847,100,429.305838
196.138556,100,429.478839
-318.220652,100,429.66084
195.581673,100,429.838837
-722.073438,100,430.00484
146.598521,100,430.181839
209.566239,100,430.345837
207.638762,100,430.526838
204.967936,100,430.69984
93.134262,100,430.883843
185.538552,100,431.078838
228.103896,100,431.262839
207.582967,100,431.45684
199.900749,100,431.628837
200.721083,100,431.801838
202.81166,100,431.984846
188.221105,100,432.157838
244.131444,100,438.130838
216.124518,100,438.297838
-675.91266,100,438.482838
213.15712,100,438.662843
205.781741,100,438.830838
198.237067,100,439.00984
201.45372,100,439.177839
134.994494,100,439.354839
190.617571,100,439.52384
214.363219,100,439.705837
198.831666,100,439.893836
189.720273,100,440.066838
196.439321,100,440.263838
181.02631,100,440.452839
183.464444,100,440.617837
177.867231,100,440.790838
-3876.234152,100,440.966841
234.980234,100,441.147843
213.082326,100,441.347837
214.499449,100,441.521842
206.267087,100,441.709838
-3106.978865,100,447.875843
215.521076,100,448.057838
210.253872,100,448.232837
170.009466,100,448.407842
202.788678,100,448.571837
209.45376,100,448.749843
204.690704,100,448.912845
232.678605,100,449.078839
190.060389,100,449.239839
203.955176,100,449.417837
178.191715,100,449.594839
209.514273,100,449.763838
-656.369738,100,449.933843
-214.288451,100,450.102834
-2758.782737,100,450.273851
208.027283,100,450.448838
205.058226,100,450.621843
196.819323,100,450.792838
202.026182,100,450.966836
180.819906,100,451.132839
187.717633,100,457.156838
226.468002,100,457.338837
-1009.757892,100,457.516839
-1134.06055,100,457.69284
189.920444,100,457.879837
212.1296,100,458.046839
175.916292,100,458.221838
213.023421,100,458.401863
214.253966,100,458.574844
208.821249,100,458.751836
192.285005,100,458.918837
211.946285,100,459.10384
185.087431,100,459.273839
149.866833,100,459.451839
212.575875,100,459.628839
198.949909,100,459.801839
190.679046,100,459.979839
-162.285026,100,460.147842
198.552046,100,460.322844
-155.089616,100,460.495838
170.504649,100,460.68584
171.133488,100,466.712837
219.505742,100,466.899839
189.002566,100,467.063842
185.374978,100,467.247837
221.736815,100,467.41684
199.724919,100,467.60184
191.235216,100,467.772841
195.264259,100,467.94884
220.360961,100,468.123838
186.800885,100,468.306839
212.914933,100,468.478843
-944.118707,100,468.654838
211.889641,100,468.839838
216.004262,100,469.010838
213.059571,100,469.183836
98.149873,100,469.366838
225.18569,100,469.542838
181.793674,100,469.728839
206.621941,100,469.926838
188.965767,100,470.101839
194.80924,100,476.090868
229.200245,100,476.273843
192.958542,100,476.446839
216.443372,100,476.626841
220.80743,100,476.788839
198.058776,100,476.979839
172.265775,100,477.153837
60.921347,100,477.347847
200.913066,100,477.546839
-2898.658611,100,477.709838
196.280332,100,477.881838
200.512495,100,478.053846
200.031212,100,478.237838
170.404006,100,478.418843
199.863836,100,478.589843
171.743146,100,478.770836
193.246278,100,478.93984
195.778774,100,479.117851
194.972007,100,479.29484
198.057516,100,479.470838
-6577.776648,100,479.648843
-631.224176,100,485.588839
183.301165,100,485.763849
205.282856,100,485.93884
213.09866,100,486.119839
206.134145,100,486.30084
206.32202,100,486.490837
69.677471,100,486.684844
200.838401,100,486.849837
206.56433,100,487.03684
198.914585,100,487.221849
182.128305,100,487.386842
205.613001,100,487.558839
196.508677,100,487.725842
125.786511,100,487.90285
190.037009,100,488.073843
196.129465,100,488.252843
-1205.594105,100,488.444836
210.90751,100,488.613837
185.175178,100,488.778839
180.035381,100,488.967838
201.485452,100,494.801854
191.152259,100,494.980838
138.92044,100,495.161836
207.141138,100,495.334836
185.709903,100,495.526838
182.57145,100,495.712838
211.613143,100,495.88684
169.135354,100,496.06284
-343.754662,100,496.236839
199.480379,100,496.417842
196.011141,100,496.579837
190.359942,100,496.75884
169.211035,100,496.935841
200.800418,100,497.115839
158.601716,100,497.301838
198.699429,100,497.48084
-428.532268,100,497.645842
198.406379,100,497.81984
-2530.067592,100,497.989839
194.616337,100,498.163837
168.218899,100,504.338843
157.794718,100,504.526838
184.500988,100,504.694842
194.487207,100,504.874836
175.833886,100,505.037838
191.793702,100,505.208838
193.495431,100,505.375842
169.032894,100,505.55284
175.098847,100,505.721843
221.572137,100,505.909836
186.269564,100,506.091839
181.425547,100,506.258843
196.621775,100,506.439839
195.079929,100,506.598838
201.39424,100,506.762838
195.135075,100,506.938845
-1025.617436,100,507.12184
-10.464841,100,507.302836
180.975589,100,507.49284
-4171.712542,100,507.687841
219.046181,100,507.84884
193.092063,100,513.804838
193.634567,100,513.970839
183.112129,100,514.14985
198.782005,100,514.314839
194.950323,100,514.485839
-2728.219858,100,514.656837
203.374081,100,514.835839
198.786021,100,515.007841
214.817552,100,515.17484
213.28336,100,515.342839
192.280512,100,515.520842
245.809089,100,515.686842
240.005371,100,515.863838
200.517257,100,516.044839
174.786838,100,516.221835
215.926135,100,516.419841
186.108094,100,516.603837
201.740023,100,516.77884
206.602525,100,516.96284
194.625142,100,517.148839
211.537492,100,523.041867
178.293766,100,523.22684
210.083535,100,523.396842
161.854934,100,523.56984
198.137416,100,523.74484
202.53781,100,523.919839
-16851.649503,100,524.099838
-1473.103038,100,524.25984
-3160.639294,100,524.44984
232.664376,100,524.65484
244.47167,100,524.82384
236.398767,100,525.010842
203.914057,100,525.187839
219.874535,100,525.363842
227.266878,100,525.557837
211.624196,100,525.73384
119.272,100,525.917838
196.337124,100,526.092836
189.610973,100,526.265843
212.222276,100,526.442838
207.46528,100,526.604838
201.987918,100,532.538837
-9816.165993,100,532.729841
-960.541029,100,532.930842
240.161858,100,533.101837
202.693205,100,533.284837
212.471201,100,533.459841
-7143.721063,100,533.62684
202.426499,100,533.809839
210.492958,100,533.98384
203.178332,100,534.164838
-12.831807,100,534.346836
209.896455,100,534.525843
190.926332,100,534.709841
212.049817,100,534.876841
200.020049,100,535.059841
213.837215,100,535.221838
-3017.953405,100,535.396842
212.918518,100,535.566839
176.777153,100,535.751838
180.99563,100,535.928842
224.602611,100,541.929836
234.6031,100,542.10784
218.457077,100,542.277842
227.954644,100,542.450839
211.699337,100,542.624837
221.455692,100,542.793838
220.529053,100,542.972837
234.056551,100,543.152839
-2047.359224,100,543.32884
199.538836,100,543.49684
244.12441,100,543.681838
223.297203,100,543.869837
193.872033,100,544.04584
-1137.30724,100,544.229843
211.68745,100,544.40584
184.996829,100,544.578839
176.267421,100,544.746838
206.594624,100,544.924839
196.756995,100,545.13684
-1378.580177,100,545.340837
181.570672,100,545.553837
194.27695,100,551.780843
171.490055,100,551.952839
206.776768,100,552.139842
227.503292,100,552.317839
212.441915,100,552.48684
-94.487951,100,552.662842
217.735249,100,552.824841
198.662547,100,553.008838
187.075497,100,553.182837
175.955418,100,553.366835
223.628783,100,553.54584
181.239096,100,553.717843
210.354561,100,553.901848
186.794935,100,554.069837
184.45134,100,554.24384
235.494419,100,554.405843
206.071881,100,554.589839
-6648.779586,100,554.81784
-13043.540707,100,555.03884
217.544568,100,555.275837
200.100719,100,561.354846
141.498568,100,561.530843
244.382536,100,561.72484
208.590455,100,561.905839
211.896353,100,562.076842
192.949672,100,562.261835
183.821254,100,562.433841
177.336429,100,562.617839
196.941468,100,562.810838
206.627261,100,562.99284
191.647081,100,563.183838
213.999383,100,563.366843
151.252342,100,563.538837
195.196785,100,563.718839
32.96261,100,563.884841
202.641388,100,564.060839
116.336547,100,564.228838
198.334592,100,564.400843
191.06318,100,564.57384
214.637503,100,564.75284
191.209545,100,564.914837
204.878468,100,570.896868
170.67209,100,571.080843
177.94527,100,571.255837
184.988366,100,571.423836
198.628496,100,571.600837
215.786143,100,571.790836
199.788792,100,571.994842
-255.076637,100,572.179842
225.171299,100,572.355838
200.480643,100,572.531838
-136.54778,100,572.697837
187.218369,100,572.867843
200.793846,100,573.035838
134.456959,100,573.210838
194.837239,100,573.377842
217.079672,100,573.559839
-449.676201,100,573.721838
215.662741,100,573.888839
207.636949,100,574.060837
230.467378,100,574.240838
182.416,100,580.192868
192.11162,100,580.371838
158.393119,100,580.54284
185.524106,100,580.715837
-7364.344015,100,580.904836
193.280541,100,581.080837
187.111993,100,581.25885
196.431217,100,581.441869
159.595526,100,581.611838
203.138777,100,581.787843
134.382875,100,581.95784
192.770606,100,582.127839
197.322379,100,582.29984
167.833321,100,582.480837
147.054023,100,582.64884
147.320705,100,582.82284
209.733765,100,582.993842
183.594786,100,583.182839
-2871.664196,100,583.36184
215.528203,100,583.533839
186.511594,100,583.722838
177.20805,100,589.795839
181.071249,100,589.986843
190.423435,100,590.180847
180.311113,100,590.351837
178.940654,100,590.541837
193.747402,100,590.712839
234.161907,100,590.88884
190.647702,100,591.059852
182.274244,100,591.232838
204.438775,100,591.420839
-1721.755358,100,591.597842
225.267545,100,591.77084
187.803395,100,591.955842
215.009749,100,592.124843
185.675655,100,592.301842
178.161842,100,592.474838
-2537.700093,100,592.66984
196.938014,100,592.863842
184.492872,100,593.040839
193.486304,100,593.212842
213.077451,100,599.378837
-16714.461531,100,599.559836
221.508738,100,599.734838
175.122635,100,599.912839
-2524.978889,100,600.089836
196.082329,100,600.267839
156.412735,100,600.443836
187.841632,100,600.624838
212.896074,100,600.802837
218.659314,100,600.960839
184.73944,100,601.131842
205.849689,100,601.295838
217.421219,100,601.47184
191.324864,100,601.639839
123.603041,100,601.835836
179.968349,100,602.015842
203.282362,100,602.204839
227.921651,100,602.390839
223.06757,100,602.573842
222.540804,100,602.742843
204.903832,100,602.920841
192.938255,100,609.08584
191.141376,100,609.269842
176.855864,100,609.434843
193.807567,100,609.619839
-3890.564014,100,609.776838
215.977411,100,609.950843
188.264154,100,610.117839
204.369112,100,610.297838
187.605042,100,610.455843
180.13722,100,610.624839
213.800878,100,610.793842
141.858704,100,610.978839
227.686358,100,611.16484
231.962216,100,611.345838
196.73354,100,611.534835
174.201144,100,611.725838
212.944865,100,611.93484
198.389044,100,612.130842
194.238168,100,612.298843
202.619038,100,612.456839
210.074646,100,618.404375
185.88691,100,618.579375
203.553645,100,618.746377
231.610494,100,618.904373
200.516353,100,619.059373
197.483143,100,619.224372
192.053938,100,619.412374
211.622057,100,619.587375
197.210637,100,619.767375
222.605733,100,619.932375
208.86851,100,620.100374
180.376946,100,620.264376
-15263.115991,100,620.434375
220.847323,100,620.602372
202.240758,100,620.782378
205.118982,100,620.950379
202.934366,100,621.116373
213.248463,100,621.310378
216.375348,100,621.469377
229.106752,100,621.645375
216.384806,100,621.802373
188.519045,100,627.285385
163.810107,100,627.466376
211.838636,100,627.647372
188.780323,100,627.807373
198.543571,100,627.977374
191.868146,100,628.131373
223.164782,100,628.281378
210.836357,100,628.457378
-4483.170693,100,628.630379
-258.294077,100,628.803371
210.832455,100,628.972373
-477.356052,100,629.150378
205.316855,100,629.313911
-1314.83786,100,629.569625
185.947736,100,629.769695
-748.940752,100,629.985742
191.418231,100,630.167375
181.598949,100,630.362417
180.689824,100,630.537459
181.410017,100,630.70161
176.859273,100,636.772211
198.224758,100,636.947215
222.14919,100,637.121212
221.44931,100,637.291213
195.542075,100,637.464213
189.393528,100,637.631216
190.460142,100,637.807212
192.21391,100,637.972216
-102.753278,100,638.151212
211.384379,100,638.324209
196.687415,100,638.493212
206.902004,100,638.669214
185.267663,100,638.86321
199.180592,100,639.052211
186.767779,100,639.240209
169.428612,100,639.418213
194.889949,100,639.605212
176.291083,100,639.781213
179.962445,100,639.955214
197.523949,100,640.144211
209.502801,100,640.314212
-519.664864,100,646.298216
190.995915,100,646.490212
236.470672,100,646.655211
239.278675,100,646.834212
201.787598,100,646.99521
177.811749,100,647.180212
210.259371,100,647.359221
199.310207,100,647.53921
193.581063,100,647.707212
-1811.53018,100,647.886211
208.268275,100,648.078213
99.13027,100,648.269212
202.716075,100,648.450212
189.667606,100,648.635213
66.791408,100,648.80221
204.513648,100,648.989213
194.530395,100,649.164213
185.663404,100,649.331216
176.476195,100,649.517212
190.128368,100,649.690216
198.86645,100,655.749215
192.136128,100,655.934209
225.351287,100,656.115213
203.647949,100,656.291212
142.602122,100,656.476211
198.895092,100,656.663211
178.686425,100,656.866214
185.908398,100,657.063213
-4513.958856,100,657.255213
125.143591,100,657.461213
160.355838,100,657.636217
196.884755,100,657.827213
201.639504,100,658.020212
189.520447,100,658.184215
-1790.11831,100,658.360211
213.072577,100,658.525213
230.214219,100,658.697216
177.551251,100,658.865211
189.475356,100,659.043213
190.811908,100,659.214213
183.20652,100,659.391729
215.219031,100,665.383729
145.265774,100,665.555729
-3438.034654,100,665.733731
243.576738,100,665.900734
199.360506,100,666.07973
-373.575048,100,666.250744
220.397007,100,666.429734
175.024462,100,666.611738
211.542539,100,666.797731
192.315478,100,666.984727
-4358.929316,100,667.170732
200.703139,100,667.332727
213.356306,100,667.511731
220.440014,100,667.684729
187.807447,100,667.86573
218.700832,100,668.045734
193.688319,100,668.211729
-89.381692,100,668.388731
215.430874,100,668.56673
200.7162,100,668.738732
249.018236,100,674.658735
-1726.811802,100,674.821729
192.491232,100,675.005731
178.305643,100,675.184734
-110.869333,100,675.356732
246.857517,100,675.537732
-16757.262535,100,675.723732
-507.957566,100,675.90973
205.821782,100,676.10173
220.906056,100,676.290747
204.095544,100,676.467731
226.050054,100,676.639735
235.658236,100,676.805729
243.552022,100,676.989734
241.812067,100,677.15873
235.535164,100,677.33673
219.969004,100,677.509732
230.271592,100,677.68773
218.559605,100,677.86174
-1046.098763,100,678.025729
245.853004,100,678.208729
233.415081,100,684.376729
217.932728,100,684.534735
203.835493,100,684.718729
200.106546,100,684.884732
-4858.432601,100,685.060729
191.444747,100,685.237732
236.803033,100,685.416729
242.135308,100,685.59073
252.565417,100,685.755729
254.431106,100,685.939734
174.153245,100,686.116734
-2672.928979,100,686.296729
240.833291,100,686.475735
174.546675,100,686.648731
239.762052,100,686.817728
219.501466,100,686.99173
204.29344,100,687.191733
210.661919,100,687.378729
-3.315806,100,687.552729
204.23837,100,687.733732
196.809264,100,693.85073
240.710578,100,694.023728
232.492636,100,694.205734
182.857239,100,694.380734
227.004281,100,694.554729
-1720.938301,100,694.732731
219.610206,100,694.90573
197.850966,100,695.084731
215.369437,100,695.24173
218.647972,100,695.419728
240.809697,100,695.607729
-95.688702,100,695.77073
216.971676,100,695.944731
246.567804,100,696.118729
171.334829,100,696.29673
-1114.637979,100,696.484731
198.156138,100,696.678726
215.599926,100,696.855734
182.464089,100,697.02373
225.950649,100,697.19473
-711.304403,100,697.363729
-732.541831,100,703.41473
201.590853,100,703.595728
185.620953,100,703.78273
202.730733,100,703.958731
181.950002,100,704.131731
218.055565,100,704.303735
212.144522,100,704.480734
243.517248,100,704.64473
193.730365,100,704.824731
196.258657,100,704.998755
201.043595,100,705.180727
-996.653087,100,705.364729
150.953132,100,705.545731
-4465.679878,100,705.739732
218.024283,100,705.930732
205.944507,100,706.087728
215.288205,100,706.265742
215.188547,100,706.435729
184.282618,100,706.60673
202.321301,100,706.787729
184.484118,100,712.93573
195.487688,100,713.10673
199.380148,100,713.275731
171.735829,100,713.444731
221.782005,100,713.620772
202.977461,100,713.790728
211.738373,100,713.960729
224.668111,100,714.145731
-4516.052591,100,714.328727
-11978.836502,100,714.496729
187.216418,100,714.671729
212.141977,100,714.84973
219.67174,100,715.018731
192.797036,100,715.19773
206.242087,100,715.37373
229.251523,100,715.544727
191.424273,100,715.709726
206.51528,100,715.893731
-105.887753,100,716.059728
208.087029,100,716.242731
104.152428,100,716.414731
168.453393,100,722.615733
205.471548,100,722.82173
196.674766,100,723.011728
183.965979,100,723.191729
191.198732,100,723.387731
229.845125,100,723.57273
138.19101,100,723.74073
195.964905,100,723.92373
222.778089,100,724.102732
181.075512,100,724.275728
198.257924,100,724.461729
215.079085,100,724.62273
207.95617,100,724.800734
213.753132,100,724.973729
172.441596,100,725.147731
-225.415703,100,725.324729
177.741398,100,725.503733
184.801247,100,725.677727
181.125166,100,725.840731
203.644227,100,726.024733
223.543011,100,732.153733
225.535548,100,732.332729
216.126978,100,732.497735
205.654661,100,732.679735
203.241759,100,732.851731
229.665501,100,733.01673
211.191537,100,733.178727
202.993848,100,733.365729
185.31621,100,733.542732
216.731039,100,733.733729
199.711459,100,733.919729
210.653311,100,734.086732
212.345288,100,734.274732
-5138.107185,100,734.438732
-4381.79127,100,734.620732
180.839551,100,734.791731
187.803729,100,734.957731
214.823525,100,735.133731
212.897957,100,735.316734
-4832.188197,100,735.509729
202.350907,100,741.42973
213.586279,100,741.609733
210.567008,100,741.792729
195.172124,100,741.972732
219.28202,100,742.153734
243.876819,100,742.329732
-5027.071164,100,742.519727
213.533823,100,742.698727
203.965933,100,742.893729
222.330373,100,743.072728
193.278829,100,743.243734
216.123647,100,743.417728
193.79686,100,743.593729
206.885386,100,743.773734
195.851594,100,743.957731
184.120905,100,744.13173
228.100976,100,744.309729
226.947768,100,744.474732
-1716.462558,100,744.653734
209.169004,100,744.841733
213.342454,100,745.003729
214.340979,100,751.043726
218.782981,100,751.220738
180.686347,100,751.384732
225.109097,100,751.567729
193.89439,100,751.744733
178.194977,100,751.944729
212.718041,100,752.131732
181.985184,100,752.309732
190.085818,100,752.48373
200.050074,100,752.664726
146.901472,100,752.83873
195.722218,100,753.029732
-7948.087743,100,753.209728
202.430794,100,753.381729
232.685926,100,753.56573
229.641697,100,753.728734
209.553775,100,753.90473
185.521648,100,754.07673
211.71316,100,754.266731
197.635056,100,754.443732
214.640912,100,760.378729
226.052842,100,760.552732
191.111235,100,760.734728
216.094796,100,760.921731
170.721989,100,761.10573
206.417976,100,761.301728
199.661822,100,761.483729
188.512223,100,761.652732
194.656526,100,761.824729
223.683245,100,761.997733
13.261783,100,762.170729
172.371506,100,762.337731
175.725144,100,762.515732
-2271.889166,100,762.697728
233.32021,100,762.866733
183.158085,100,763.04773
235.426305,100,763.217731
223.60069,100,763.386731
194.582377,100,763.554729
215.732792,100,763.726728
197.305166,100,763.891732
189.642364,100,769.888731
-2392.550117,100,770.069735
243.067465,100,770.250729
184.007552,100,770.436729
194.620255,100,770.611729
201.823307,100,770.79173
229.610543,100,770.96673
179.770291,100,771.146729
213.717276,100,771.331733
216.100842,100,771.498732
206.55974,100,771.684729
185.771348,100,771.858728
191.182405,100,772.027729
190.393335,100,772.208728
-80.056046,100,772.379732
191.992921,100,772.568728
242.474923,100,772.758732
-315.032786,100,772.934731
210.715957,100,773.124729
222.534077,100,773.289729
214.945113,100,779.298729
196.298934,100,779.490731
204.359958,100,779.66973
197.37622,100,779.83573
199.611903,100,780.002728
209.00973,100,780.176731
202.72083,100,780.35373
226.117091,100,780.533734
190.776685,100,780.714738
228.33876,100,780.890741
215.362555,100,781.052732
212.053261,100,781.212731
169.325956,100,781.393728
-2430.667521,100,781.572734
213.173356,100,781.74973
-2838.879147,100,781.946726
104.303878,100,782.132729
198.786717,100,782.309731
-270.046411,100,782.482731
228.182169,100,782.658729
199.890573,100,782.833729
220.756149,100,788.758728
215.259294,100,788.933727
187.299585,100,789.10973
175.773185,100,789.284733
222.431021,100,789.45673
219.162562,100,789.637729
198.348141,100,789.807731
206.801231,100,789.98873
210.970441,100,790.168731
213.922926,100,790.342733
199.398995,100,790.524733
200.921775,100,790.707731
219.65776,100,790.898726
-8484.314558,100,791.090735
203.8049,100,791.28373
227.713652,100,791.46573
214.572841,100,791.634731
186.809653,100,791.801728
179.004804,100,791.983732
214.156933,100,792.160733
181.127505,100,798.066729
193.267955,100,798.241734
213.459068,100,798.416739
190.37948,100,798.592727
211.303218,100,798.777731
221.475101,100,798.944733
195.380201,100,799.120729
179.777547,100,799.287727
-3420.875837,100,799.462728
189.458373,100,799.625731
190.594612,100,799.804739
154.335898,100,799.978732
218.649709,100,800.162729
197.902711,100,800.350734
230.741438,100,800.541743
211.531538,100,800.719729
195.35595,100,800.893737
234.821912,100,801.067728
189.681893,100,801.272729
202.940336,100,801.456728
-1755.856883,100,801.627732
212.093701,100,807.94973
195.117298,100,808.154732
202.34183,100,808.344733
242.796314,100,808.537729
190.349627,100,808.733733
210.195134,100,808.987726
-5554.970377,100,809.160729
204.233722,100,809.320734
207.446349,100,809.499729
204.332635,100,809.67773
184.23715,100,809.848729
126.98438,100,810.020729
222.898642,100,810.21073
224.892257,100,810.390731
200.57207,100,810.56373
196.12138,100,810.737737
226.922104,100,810.90673
167.719005,100,811.086729
-1209.329795,100,811.271731
-4885.067999,100,811.440731
-325.219672,100,817.462729
214.728888,100,817.633732
191.843172,100,817.804731
-4766.594052,100,817.978732
222.438537,100,818.145729
216.780702,100,818.320729
205.988898,100,818.488734
235.20362,100,818.670731
230.513702,100,818.845734
245.378344,100,819.032733
185.215371,100,819.206729
-10.125835,100,819.367734
203.61698,100,819.54073
184.312201,100,819.710732
205.51584,100,819.889731
216.87309,100,820.050728
229.157799,100,820.235732
267.862815,100,820.40073
-3153.020546,100,820.569732
201.791244,100,820.755733
-1047.180994,100,820.946726
243.418488,100,826.868729
213.892858,100,827.048729
197.399122,100,827.213729
216.072459,100,827.39773
181.954335,100,827.574728
141.089289,100,827.74473
-3760.754592,100,827.924732
208.377985,100,828.09373
220.32331,100,828.277732
-2555.726602,100,828.445732
217.372042,100,828.629732
240.183825,100,828.797729
129.735272,100,828.96573
55.563218,100,829.143732
220.641512,100,829.314729
189.761558,100,829.489736
196.150967,100,829.653731
200.143951,100,829.843734
233.522071,100,830.030728
189.485224,100,830.210728
173.039394,100,836.26873
204.714492,100,836.44073
214.733567,100,836.617729
212.051821,100,836.794731
235.624024,100,836.980729
212.034017,100,837.161734
179.200005,100,837.347729
178.284661,100,837.534729
217.399101,100,837.714728
211.415454,100,837.886729
181.271953,100,838.06773
210.326894,100,838.245731
223.171787,100,838.422733
156.605504,100,838.592729
175.214138,100,838.774729
184.137072,100,838.955731
184.046822,100,839.123735
255.885394,100,839.300729
217.280168,100,839.477733
189.559486,100,839.652729
211.12303,100,839.830743
198.621751,100,845.892731
187.44618,100,846.067728
163.370387,100,846.252733
205.619028,100,846.442727
175.306824,100,846.626729
-473.385078,100,846.810734
219.119609,100,846.98873
194.832606,100,847.16373
-1557.442734,100,847.34273
192.693572,100,847.511731
217.930749,100,847.682732
210.967108,100,847.857735
182.626027,100,848.041729
196.76538,100,848.218732
206.665822,100,848.40473
223.441299,100,848.592734
196.97691,100,848.763743
-6769.458907,100,848.936734
214.951172,100,849.119731
192.360275,100,849.285731
-451.114871,100,855.430728
-34.837578,100,855.62473
179.297628,100,855.819729
203.440547,100,855.986729
220.256582,100,856.155731
170.617333,100,856.327731
209.015104,100,856.500734
202.379545,100,856.664731
192.025707,100,856.841732
215.120922,100,857.008759
210.832996,100,857.184741
180.330475,100,857.352731
-2832.713363,100,857.530731
182.095181,100,857.69373
192.14216,100,857.872731
222.284202,100,858.055731
237.360418,100,858.223732
232.210264,100,858.388733
226.181064,100,858.568734
229.247944,100,858.744728
183.1111,100,858.917731
-469.017198,100,865.026734
74.140863,100,865.208727
126.252117,100,865.373731
208.522572,100,865.553732
-3184.727852,100,865.726732
198.838949,100,865.909729
246.312572,100,866.072731
208.712363,100,866.260727
201.292228,100,866.451729
251.134613,100,866.624759
257.850256,100,866.806729
225.875894,100,866.994732
257.398042,100,867.162729
228.493683,100,867.35673
192.436683,100,867.54373
225.027041,100,867.71273
240.489988,100,867.891728
217.155248,100,868.060729
258.973907,100,868.241731
243.348876,100,868.41273
-7201.146451,100,874.535731
206.943706,100,874.709734
203.519817,100,874.887726
212.518605,100,875.06273
206.329206,100,875.239734
176.020007,100,875.42373
218.466735,100,875.594731
-4810.10658,100,875.773733
240.403109,100,875.959729
209.173492,100,876.128735
216.519668,100,876.308729
187.101713,100,876.504728
281.071983,100,876.698747
215.722992,100,876.867732
217.73536,100,877.049732
206.424075,100,877.216728
-1353.240525,100,877.395734
221.525769,100,877.559731
223.590829,100,877.73473
232.287164,100,877.912729
152.24275,100,878.085734
249.52778,100,884.42773
130.886062,100,884.59773
216.640998,100,884.786731
247.636131,100,884.94973
250.930939,100,885.12776
202.361815,100,885.313734
267.071163,100,885.491727
-138.178422,100,885.68973
231.049921,100,885.876729
202.370187,100,886.05173
18.298601,100,886.234729
251.439485,100,886.41973
214.420572,100,886.591734
235.724198,100,886.762734
225.151257,100,886.934731
231.7995,100,887.11573
187.799371,100,887.287729
-4797.136821,100,887.466728
240.602828,100,887.624732
214.851536,100,887.801727
211.948928,100,893.894731
216.846063,100,894.076734
188.809534,100,894.26273
201.138449,100,894.426733
221.962217,100,894.60373
209.872717,100,894.767733
231.472366,100,894.942731
180.219179,100,895.11073
218.628603,100,895.299731
193.394343,100,895.490734
189.009503,100,895.671732
191.121702,100,895.86273
152.406428,100,896.040735
220.403631,100,896.204734
224.090566,100,896.400775
200.03431,100,896.566778
245.269275,100,896.738777
201.682722,100,896.919775
239.228158,100,897.105778
-992.887598,100,897.295776
-4436.607931,100,897.480776
257.124149,100,903.50378
204.576472,100,903.674773
232.240671,100,903.849781
218.696191,100,904.020776
203.727273,100,904.203785
180.346939,100,904.373776
136.092485,100,904.555777
217.514611,100,904.724793
200.844164,100,904.90778
190.560891,100,905.07678
-2501.539408,100,905.244777
217.682685,100,905.424777
222.86813,100,905.587777
194.009298,100,905.774777
249.582947,100,905.946779
239.519726,100,906.131775
196.37174,100,906.325777
169.701321,100,906.509789
173.33716,100,906.696776
202.797269,100,906.866777
214.723903,100,912.836778
213.387317,100,913.015778
219.327073,100,913.19678
212.879641,100,913.385776
210.36732,100,913.549784
215.337728,100,913.730776
201.073936,100,913.906774
237.149463,100,914.071776
-12059.470482,100,914.25678
220.369133,100,914.423777
227.424942,100,914.592778
171.160241,100,914.764778
206.593909,100,914.953776
232.673125,100,915.123781
210.610939,100,915.295776
199.812211,100,915.488776
239.895954,100,915.677782
-1724.111092,100,915.862778
223.353632,100,916.039776
201.56195,100,916.209777
221.644415,100,916.384788
175.834558,100,922.357774
-1012.360351,100,922.546775
217.487633,100,922.744778
202.945769,100,922.923777
-454.989972,100,923.110781
225.664514,100,923.290775
220.776223,100,923.466777
209.48562,100,923.650781
-9800.70858,100,923.833781
239.159143,100,924.009781
263.244314,100,924.178777
195.930514,100,924.344777
162.295203,100,924.531777
212.092649,100,924.698778
111.080404,100,924.882778
215.541322,100,925.07078
209.627672,100,925.235777
197.973805,100,925.415776
-1736.498175,100,925.585774
207.930373,100,925.765776
195.511933,100,931.769777
204.749191,100,931.950775
-16998.405977,100,932.140775
205.337551,100,932.328779
202.011917,100,932.496778
-3612.638054,100,932.683777
245.583395,100,932.869776
210.328635,100,933.041777
212.869048,100,933.211776
220.9367,100,933.376778
193.189146,100,933.552776
211.61316,100,933.734774
171.08107,100,933.910776
190.690586,100,934.079779
152.031072,100,934.255778
192.463445,100,934.43278
-2449.245099,100,934.582776
196.588672,100,934.747775
248.359043,100,934.915776
193.267512,100,935.070781
211.782288,100,935.241781
209.713387,100,941.08289
181.471333,100,941.244895
177.925481,100,941.413891
205.515071,100,941.574892
38.465402,100,941.738891
200.245371,100,941.911888
200.14322,100,942.07289
181.686816,100,942.240892
196.821639,100,942.406895
217.577566,100,942.58289
209.796412,100,942.741891
233.07231,100,942.899891
201.625814,100,943.070891
178.436573,100,943.23089
-880.771893,100,943.390887
203.585126,100,943.56789
227.541019,100,943.728892
197.572718,100,943.894893
-2867.234881,100,944.05989
188.682516,100,944.25089
-508.058296,100,949.795887
241.021246,100,949.95489
162.043678,100,950.128891
185.723775,100,950.29189
181.546309,100,950.44889
-8892.021376,100,950.610889
203.307775,100,950.777894
255.283631,100,950.95189
193.003843,100,951.129891
194.921002,100,951.293892
201.63568,100,951.456889
217.317142,100,951.608892
203.904013,100,951.789892
207.559165,100,951.956894
178.052733,100,952.131891
197.22457,100,952.294888
202.961396,100,952.465892
209.120234,100,952.63489
219.943135,100,952.810891
-556.797366,100,952.988894
194.981833,100,953.142895
205.399315,100,958.785892
-17065.289533,100,958.987891
237.180837,100,959.19189
203.089644,100,959.356893
215.672537,100,959.520891
185.158535,100,959.685892
226.071597,100,959.850892
230.34268,100,960.017892
221.070854,100,960.170893
235.695184,100,960.341889
186.180646,100,960.501888
114.65935,100,960.68889
216.620353,100,960.843889
217.93146,100,961.009891
235.567274,100,961.179892
235.529832,100,961.350892
229.180074,100,961.520897
228.639812,100,961.687889
234.131234,100,961.863889
-7881.85659,100,962.043887
213.561339,100,967.627889
230.693924,100,967.80192
226.64324,100,967.96889
195.795458,100,968.132893
210.235979,100,968.30089
180.168565,100,968.471891
174.208017,100,968.635891
194.125019,100,968.79989
203.039914,100,968.95789
239.194492,100,969.122891
229.95041,100,969.29089
-1633.243209,100,969.463892
208.993664,100,969.620894
192.551433,100,969.788893
-322.617305,100,969.948892
216.665674,100,970.107889
221.642649,100,970.270891
177.656171,100,970.443891
242.285463,100,970.603894
206.328491,100,970.777893
-2527.960566,100,976.318889
223.227695,100,976.48789
213.386604,100,976.66189
203.300669,100,976.832894
222.352502,100,976.992894
224.292598,100,977.160892
-2882.520792,100,977.334895
189.98262,100,977.498892
190.147784,100,977.66089
214.968523,100,977.818891
234.567227,100,977.976892
-1717.55488,100,978.151893
184.352703,100,978.32089
203.990693,100,978.47889
230.345918,100,978.641888
253.988651,100,978.795891
211.099597,100,978.95089
157.226234,100,979.129892
107.913509,100,979.28389
233.472317,100,979.447894
84.557575,100,979.605892
197.847395,100,985.203891
231.174392,100,985.369892
213.658163,100,985.531892
225.751881,100,985.687895
204.658381,100,985.85892
220.508871,100,986.024891
213.132674,100,986.189888
214.721815,100,986.35792
192.388409,100,986.527892
186.816494,100,986.684888
219.290396,100,986.869891
226.069199,100,987.036895
205.511979,100,987.223895
221.628443,100,987.395892
241.81087,100,987.578892
140.035258,100,987.74789
-2533.201809,100,987.90189
254.316397,100,988.059894
233.461726,100,988.22689
185.573398,100,988.389888
-1004.743733,100,993.91292
250.687984,100,994.079891
216.515266,100,994.25289
193.344701,100,994.425894
215.996643,100,994.584894
210.364558,100,994.761894
233.82616,100,994.916892
216.715442,100,995.078893
65.24147,100,995.239891
-51.329121,100,995.41589
198.669058,100,995.574889
211.953257,100,995.739891
185.089641,100,995.917889
192.511187,100,996.096891
186.423279,100,996.265893
233.403118,100,996.44089
206.89426,100,996.613894
-56.340624,100,996.77489
260.729477,100,996.942891
206.524537,100,997.114891
213.154628,100,997.276888
233.033952,100,1002.804895
157.774975,100,1002.973892
126.632368,100,1003.136895
202.858848,100,1003.30489
195.616742,100,1003.456894
178.276695,100,1003.626891
237.967988,100,1003.791887
216.785764,100,1003.950892
215.730243,100,1004.112894
189.375538,100,1004.270892
-137.075412,100,1004.42789
195.090631,100,1004.60989
206.544081,100,1004.768893
239.668873,100,1004.92989
231.854014,100,1005.111894
220.138852,100,1005.283891
200.61323,100,1005.46289
-5631.997485,100,1005.641892
253.194893,100,1005.804891
233.374592,100,1005.965889
219.915282,100,1011.621896
203.829656,100,1011.78989
-2513.317496,100,1011.961891
259.852271,100,1012.12289
207.707221,100,1012.28889
192.819784,100,1012.461891
197.009404,100,1012.637893
202.410503,100,1012.823889
184.635061,100,1013.005893
223.22863,100,1013.165889
228.674601,100,1013.330891
228.876576,100,1013.489892
202.604773,100,1013.652888
199.562643,100,1013.81589
226.099978,100,1013.98989
77.481515,100,1014.152891
220.505986,100,1014.329888
249.790588,100,1014.48489
234.614155,100,1014.644892
258.939616,100,1014.811888
213.41942,100,1014.992896
232.467218,100,1020.544891
199.735935,100,1020.705892
247.370789,100,1020.86989
218.841398,100,1021.051895
213.222754,100,1021.220889
185.333806,100,1021.377889
220.121121,100,1021.552895
196.478504,100,1021.720888
232.402097,100,1021.89889
219.688782,100,1022.09189
214.370745,100,1022.26489
-249.102804,100,1022.435889
203.687865,100,1022.588892
206.853279,100,1022.756895
241.885323,100,1022.91989
205.082683,100,1023.085892
219.426994,100,1023.251891
201.22732,100,1023.412895
216.267634,100,1023.578891
-4539.70384,100,1023.752891
-339.539457,100,1029.119889
-428.372651,100,1029.286893
-332.655185,100,1029.454889
227.503414,100,1029.618891
213.450547,100,1029.784891
-1914.209141,100,1029.959892
253.090826,100,1030.114892
179.716092,100,1030.272892
211.273187,100,1030.43889
195.886626,100,1030.607895
192.094526,100,1030.804889
161.067726,100,1030.982888
-4455.938261,100,1031.151889
197.844094,100,1031.322891
212.600407,100,1031.515894
188.030717,100,1031.68289
207.837016,100,1031.849892
-4071.794495,100,1032.01089
173.440871,100,1032.164889
203.693748,100,1032.334894
199.701419,100,1032.490889
210.874751,100,1038.077891
197.066342,100,1038.252895
-3789.191203,100,1038.419894
195.836177,100,1038.578891
232.877928,100,1038.740893
216.819579,100,1038.89989
210.165683,100,1039.07792
202.308218,100,1039.245895
230.749975,100,1039.42489
145.92309,100,1039.593891
223.012379,100,1039.771889
233.138189,100,1039.944903
217.822394,100,1040.117891
224.865325,100,1040.282891
209.960173,100,1040.447893
197.82827,100,1040.621892
246.27026,100,1040.77789
-1541.248638,100,1040.949892
193.422615,100,1041.121891
207.759916,100,1041.31089
191.690292,100,1046.864895
169.056723,100,1047.023891
210.83697,100,1047.201889
216.163426,100,1047.390889
221.560976,100,1047.571895
201.886638,100,1047.733892
240.939617,100,1047.89589
193.78982,100,1048.04989
-1583.659397,100,1048.215895
205.57842,100,1048.372892
-2.202007,100,1048.54689
237.126087,100,1048.710891
197.07267,100,1048.876895
206.80624,100,1049.044891
128.241277,100,1049.206892
192.882128,100,1049.377891
230.566789,100,1049.53789
180.774768,100,1049.693892
195.671953,100,1049.854895
206.369055,100,1050.015888
195.991035,100,1050.176893
226.167214,100,1055.62889
209.133266,100,1055.787889
206.373483,100,1055.95289
-339.644803,100,1056.13489
-4081.219292,100,1056.321896
217.400888,100,1056.48989
220.455756,100,1056.671892
227.65986,100,1056.83389
194.300544,100,1057.006894
194.845692,100,1057.175892
221.409787,100,1057.33789
200.711657,100,1057.49889
205.420776,100,1057.658892
202.965986,100,1057.814891
166.819282,100,1057.97489
215.862772,100,1058.151891
-2968.039051,100,1058.324889
191.083507,100,1058.505892
205.342843,100,1058.67589
223.260246,100,1058.847891
196.475162,100,1064.626894
215.195958,100,1064.78289
201.688535,100,1064.946889
199.193196,100,1065.098895
194.137515,100,1065.283889
187.342527,100,1065.46689
245.153179,100,1065.643891
200.247401,100,1065.816889
214.164269,100,1065.976894
206.777026,100,1066.124895
221.102879,100,1066.285903
179.892762,100,1066.446894
231.913974,100,1066.61389
217.89384,100,1066.773891
212.124044,100,1066.928892
-16710.311258,100,1067.084889
177.230565,100,1067.236894
197.311863,100,1067.412892
199.463668,100,1067.568889
202.021968,100,1067.731892
-583.444581,100,1067.89489
218.030767,100,1073.648896
216.713249,100,1073.82189
176.331942,100,1073.994888
202.950173,100,1074.166893
220.00168,100,1074.327892
196.955498,100,1074.498888
253.022335,100,1074.665892
-3119.699474,100,1074.821892
218.7467,100,1074.988892
207.610414,100,1075.158892
226.384057,100,1075.317891
240.179373,100,1075.47689
209.239177,100,1075.632891
209.12545,100,1075.797889
208.575261,100,1075.961895
198.148738,100,1076.13989
192.827478,100,1076.31989
187.463896,100,1076.48689
211.697448,100,1076.648893
198.826138,100,1076.802894
235.606743,100,1082.42392
235.375344,100,1082.57489
219.106156,100,1082.751891
187.532153,100,1082.915889
-686.598256,100,1083.078889
211.551306,100,1083.246893
185.931095,100,1083.404895
216.081275,100,1083.563892
179.688032,100,1083.741892
209.453146,100,1083.904894
224.521039,100,1084.07189
-4971.487655,100,1084.254891
173.127384,100,1084.41589
244.178914,100,1084.580891
210.205113,100,1084.74289
208.688966,100,1084.904889
219.247878,100,1085.065892
249.788416,100,1085.234892
227.443771,100,1085.418895
208.995866,100,1085.59189
196.149191,100,1085.748891
204.713201,100,1091.311892
233.369341,100,1091.459891
171.1912,100,1091.618891
259.696438,100,1091.769893
246.707635,100,1091.95489
219.042706,100,1092.115891
231.792638,100,1092.293892
226.297572,100,1092.45889
193.67651,100,1092.625894
-4194.765966,100,1092.80089
240.773521,100,1092.974892
199.31635,100,1093.139895
231.724213,100,1093.314893
211.482763,100,1093.478892
191.044399,100,1093.64389
197.663328,100,1093.821888
239.608445,100,1093.99289
-5066.796065,100,1094.163892
250.166339,100,1094.325891
233.743809,100,1094.482893
201.664926,100,1100.119921
193.744052,100,1100.299891
188.872632,100,1100.450889
236.838442,100,1100.61889
199.496495,100,1100.792891
146.515507,100,1100.95189
203.661269,100,1101.120889
203.346327,100,1101.31489
201.906534,100,1101.490892
204.293478,100,1101.657893
213.066214,100,1101.824893
250.227863,100,1101.987895
243.996625,100,1102.148891
216.243724,100,1102.316892
93.603503,100,1102.490894
237.751752,100,1102.67289
229.014503,100,1102.840889
-6945.767161,100,1103.021894
205.765145,100,1103.180889
200.521424,100,1103.365893
231.75997,100,1103.525892
226.181497,100,1109.028908
246.931227,100,1109.19289
196.393376,100,1109.358891
198.667667,100,1109.514895
200.956942,100,1109.670892
204.005655,100,1109.851892
212.560074,100,1110.016891
189.917365,100,1110.173891
233.82361,100,1110.360895
196.607223,100,1110.517894
187.846141,100,1110.66589
193.521806,100,1110.83889
-4991.570124,100,1111.000891
-12080.94876,100,1111.175891
209.983619,100,1111.358894
175.609134,100,1111.527892
173.248942,100,1111.69989
195.90238,100,1111.87689
220.868541,100,1112.048891
187.018901,100,1112.21989
205.876957,100,1117.761893
192.448135,100,1117.934895
194.134724,100,1118.092892
-1185.081881,100,1118.251894
-335.468823,100,1118.403919
213.981289,100,1118.57389
193.965816,100,1118.741921
184.594456,100,1118.90589
196.692426,100,1119.067894
-25.371664,100,1119.24089
205.025053,100,1119.411891
201.833151,100,1119.566889
213.386214,100,1119.726895
216.749896,100,1119.88289
217.167031,100,1120.043898
200.766723,100,1120.209892
185.700583,100,1120.375894
194.26739,100,1120.535895
134.060911,100,1120.704891
202.985791,100,1120.874892
206.41079,100,1121.060916
195.464279,100,1126.606893
-1974.504188,100,1126.763892
-47.691003,100,1126.921889
-183.731497,100,1127.079892
125.684476,100,1127.259897
234.477983,100,1127.423895
229.568443,100,1127.599888
198.9616,100,1127.761894
-315.513343,100,1127.932894
189.924571,100,1128.102895
222.484159,100,1128.265894
144.105366,100,1128.421891
203.3449,100,1128.570893
194.270047,100,1128.732892
211.467832,100,1128.904888
213.961528,100,1129.07189
247.660527,100,1129.223889
-5358.146794,100,1129.380891
201.363267,100,1129.543891
168.811776,100,1129.697892
201.52597,100,1135.359891
191.546737,100,1135.52689
210.881484,100,1135.700895
214.66154,100,1135.861894
203.03749,100,1136.02889
-2708.115152,100,1136.18889
200.865258,100,1136.355888
228.570074,100,1136.541894
220.259925,100,1136.71389
188.162222,100,1136.88489
-2.548918,100,1137.059892
203.163169,100,1137.240891
217.898319,100,1137.422889
195.185557,100,1137.605893
226.80006,100,1137.773895
121.876338,100,1137.943892
208.720288,100,1138.10489
216.246228,100,1138.274893
244.865192,100,1138.42989
-4662.780313,100,1138.609895
-1162.892608,100,1138.765894
216.725162,100,1144.193892
198.107534,100,1144.364895
208.103489,100,1144.535895
196.207786,100,1144.701891
-2544.780636,100,1144.866891
195.064985,100,1145.022894
194.823383,100,1145.19492
199.721835,100,1145.355891
220.186318,100,1145.52589
202.623132,100,1145.69792
188.426238,100,1145.861891
198.89994,100,1146.032892
203.228195,100,1146.189893
200.5549,100,1146.392891
195.537977,100,1146.568892
226.784518,100,1146.74789
81.093355,100,1146.909889
200.669728,100,1147.06789
224.560005,100,1147.223892
189.799305,100,1147.39789
185.949026,100,1152.983894
219.978218,100,1153.16092
230.195806,100,1153.321889
202.740028,100,1153.49189
-102.566559,100,1153.652891
232.173996,100,1153.828896
-2925.585176,100,1153.98589
204.490915,100,1154.153888
198.689032,100,1154.305891
201.480046,100,1154.48489
197.006107,100,1154.645892
211.507337,100,1154.821892
-94.145714,100,1154.98189
186.056378,100,1155.153889
229.971505,100,1155.316887
150.484013,100,1155.504893
205.057118,100,1155.676892
210.149886,100,1155.853894
179.306873,100,1156.017895
202.997708,100,1156.179891
190.015273,100,1156.34089
