#{"t_start": 1779320450.3930905, "env_id": "None"}
r,l,t
156.719241,100,11.06723
154.729333,100,11.269217
188.359429,100,11.4691
-8161.955723,100,11.659405
170.625266,100,11.897092
183.286587,100,12.126964
-1000.616042,100,12.3152
184.787968,100,12.497847
139.188562,100,12.683024
164.788911,100,12.866675
159.317388,100,13.050684
190.834295,100,13.23237
153.713106,100,13.402428
171.995251,100,13.585827
163.615033,100,13.772789
169.855846,100,13.941884
165.666251,100,14.127627
174.598269,100,14.303784
155.743006,100,14.488327
167.098304,100,14.667141
145.720824,100,21.181304
177.348138,100,21.362515
167.996888,100,21.550975
167.416048,100,21.735671
162.097515,100,21.926505
181.891099,100,22.115451
165.87324,100,22.299501
-335.591342,100,22.477341
175.637547,100,22.659014
163.607098,100,22.856606
181.541402,100,23.049832
188.837911,100,23.236714
167.288794,100,23.43147
180.354546,100,23.611834
159.214626,100,23.790213
172.312059,100,23.966093
-519.894271,100,24.149036
188.066192,100,24.326432
180.20142,100,24.514579
175.561551,100,24.700604
138.144747,100,31.409299
-1011.195048,100,31.591079
184.084035,100,31.772207
180.370739,100,31.954778
151.332425,100,32.154093
182.023291,100,32.35217
169.596917,100,32.552394
192.670557,100,32.73198
188.330411,100,32.923062
201.478365,100,33.12116
127.878359,100,33.373825
194.036171,100,33.640026
183.413698,100,33.910194
155.301715,100,34.121115
162.356003,100,34.310828
148.030637,100,34.501367
182.4564,100,34.682441
193.290229,100,34.871508
178.759043,100,35.057794
206.243683,100,35.238919
180.117992,100,35.427789
197.510338,100,42.027002
174.397804,100,42.207605
186.191497,100,42.390161
174.153058,100,42.582907
186.139346,100,42.758563
195.358694,100,42.943947
170.274344,100,43.129918
188.834799,100,43.308644
148.305042,100,43.488977
180.137816,100,43.67414
198.457805,100,43.848535
154.26448,100,44.027022
212.85009,100,44.204097
169.960421,100,44.387891
170.247544,100,44.588285
170.129667,100,44.77569
180.84719,100,44.961442
181.612015,100,45.141857
-1737.449865,100,45.321943
201.510929,100,45.509572
182.380654,100,52.152665
162.162872,100,52.344059
182.377216,100,52.539711
211.053283,100,52.719461
175.534221,100,52.914974
-1024.731308,100,53.11181
202.424775,100,53.30108
205.260583,100,53.499319
182.906185,100,53.68776
143.450672,100,53.864572
183.633254,100,54.052471
193.461042,100,54.245292
181.560035,100,54.442134
171.256728,100,54.629016
182.701265,100,54.811453
-2999.007131,100,54.995893
193.574174,100,55.184241
176.979307,100,55.363042
177.340523,100,55.545221
176.980907,100,55.722429
195.945544,100,55.905522
200.190003,100,62.467993
203.075604,100,62.657223
201.99804,100,62.832683
166.375114,100,63.01413
188.580886,100,63.202345
184.077483,100,63.388775
212.774615,100,63.579366
164.391832,100,63.762237
202.284655,100,63.940202
156.201484,100,64.12427
163.722962,100,64.306763
189.435697,100,64.490199
158.454221,100,64.670821
197.834614,100,64.853954
118.47745,100,65.036717
177.686764,100,65.220348
160.272907,100,65.410231
198.4925,100,65.588506
203.011125,100,65.770509
169.929287,100,65.955949
208.201391,100,72.55407
147.407015,100,72.744372
220.269821,100,72.924842
223.014424,100,73.105134
179.381219,100,73.28256
216.677339,100,73.469074
-3914.546323,100,73.652474
-3921.979405,100,73.849477
197.73825,100,74.036522
202.313042,100,74.226455
187.294662,100,74.401886
202.103523,100,74.591117
189.934877,100,74.776403
202.623913,100,74.950603
177.345081,100,75.138023
175.261137,100,75.321051
211.735523,100,75.503976
181.169663,100,75.699088
200.121164,100,75.899569
176.625199,100,76.10058
201.88343,100,76.290963
191.812655,100,82.986012
200.505079,100,83.182716
198.249279,100,83.376388
198.364077,100,83.55858
218.967133,100,83.745151
-8629.409736,100,83.926211
222.622846,100,84.110383
192.81192,100,84.29459
217.236955,100,84.475909
221.901316,100,84.648158
206.327967,100,84.831389
209.378615,100,85.014386
193.034425,100,85.192264
209.544649,100,85.379948
212.728157,100,85.566293
204.256502,100,85.748204
-4059.359116,100,85.940095
-274.905137,100,86.127056
214.279854,100,86.30725
196.325166,100,86.491343
56.501046,100,93.522353
213.652346,100,93.702775
188.932947,100,93.887667
232.576313,100,94.076236
-728.14,100,94.26902
206.84335,100,94.450097
-43.929797,100,94.633859
229.557449,100,94.824055
215.213789,100,94.997845
201.380554,100,95.192855
208.166521,100,95.377045
146.804269,100,95.558412
198.290864,100,95.746395
238.172816,100,95.927053
191.708081,100,96.102961
211.983476,100,96.298104
182.878923,100,96.488393
-3712.580325,100,96.679382
121.052675,100,96.869185
232.179239,100,97.065404
220.048989,100,97.255368
221.749059,100,103.791903
171.7871,100,103.979835
204.083543,100,104.161965
185.629555,100,104.342949
172.900045,100,104.52733
206.997489,100,104.713933
197.795579,100,104.897836
168.398165,100,105.083178
165.067525,100,105.259199
196.904396,100,105.445763
204.774892,100,105.651186
208.427764,100,105.852202
221.484442,100,106.045932
-1514.821032,100,106.241815
207.407282,100,106.42492
-3907.821951,100,106.604543
196.130658,100,106.788108
200.55905,100,106.96715
224.168522,100,107.147277
206.217763,100,107.336493
183.475586,100,114.022988
213.227925,100,114.21199
206.748798,100,114.402862
194.562666,100,114.583873
208.160319,100,114.760909
207.166561,100,114.949114
191.422142,100,115.127978
131.687083,100,115.312857
-234.977026,100,115.49968
261.276107,100,115.673745
176.888818,100,115.851483
-2365.770052,100,116.033774
207.884215,100,116.207335
184.449937,100,116.391267
218.994533,100,116.570277
221.760232,100,116.752221
199.454021,100,116.938403
204.66108,100,117.119783
73.000982,100,117.310811
199.821175,100,117.512556
198.578238,100,117.711641
222.628253,100,124.399569
204.504766,100,124.58384
221.140592,100,124.7716
205.110904,100,124.952269
255.413549,100,125.139248
200.081052,100,125.321789
208.54041,100,125.515245
194.145012,100,125.691149
201.969352,100,125.878109
139.24329,100,126.068338
223.97669,100,126.252388
172.203007,100,126.448189
204.968344,100,126.6471
202.092809,100,126.842588
203.877551,100,127.042436
201.663432,100,127.219332
186.623489,100,127.403075
184.097883,100,127.587917
196.770034,100,127.767873
240.493629,100,127.946709
204.934676,100,134.52169
220.593957,100,134.708942
-2500.718787,100,134.900124
206.561396,100,135.096287
160.716307,100,135.271358
210.638527,100,135.467111
219.766475,100,135.664496
204.25913,100,135.860405
205.261496,100,136.057303
213.341212,100,136.238286
191.664965,100,136.426901
205.444853,100,136.60073
211.601923,100,136.785502
150.010722,100,136.967677
206.072168,100,137.141589
214.053167,100,137.325999
-258.304591,100,137.51194
199.545434,100,137.690617
207.8756,100,137.882196
187.919247,100,138.06672
201.113968,100,138.24683
223.558714,100,144.875631
185.962347,100,145.058276
216.155606,100,145.244697
208.518014,100,145.420263
198.801025,100,145.600192
184.738985,100,145.786857
213.717431,100,145.958693
203.038738,100,146.150838
201.14105,100,146.342964
206.211926,100,146.527174
192.078277,100,146.709379
189.074248,100,146.891975
185.442674,100,147.074332
192.371711,100,147.266357
208.227852,100,147.46307
178.794556,100,147.661644
218.316562,100,147.858124
191.94564,100,148.046966
198.130418,100,148.239398
173.814884,100,148.430341
208.636023,100,155.011001
210.468266,100,155.193908
205.543699,100,155.373169
215.812287,100,155.549308
91.000085,100,155.738978
225.314626,100,155.921601
195.524456,100,156.101082
237.307904,100,156.290894
214.854848,100,156.484347
222.280461,100,156.672898
212.788912,100,156.97894
90.145348,100,157.248717
221.048624,100,157.438818
213.736954,100,157.630363
194.428047,100,157.812406
-606.74994,100,157.995367
175.489397,100,158.186749
209.536715,100,158.371147
197.391623,100,158.57138
269.966833,100,158.763054
201.45156,100,158.951373
207.305613,100,165.88857
202.280403,100,166.08141
213.783279,100,166.274631
190.00991,100,166.455321
200.468666,100,166.646003
204.642451,100,166.827969
229.693881,100,167.015355
208.721518,100,167.20611
-37.803415,100,167.389111
195.836166,100,167.571455
191.550838,100,167.842727
245.238506,100,168.026639
176.792136,100,168.217126
191.62068,100,168.416545
-1436.214216,100,168.617443
158.567574,100,168.815719
201.571731,100,168.994139
-1756.496474,100,169.186239
220.865606,100,169.362942
186.503325,100,169.542154
176.405698,100,176.16532
-100.555804,100,176.352336
125.51985,100,176.537585
192.418799,100,176.734597
197.268607,100,176.920683
217.479608,100,177.105006
183.098998,100,177.287916
201.527977,100,177.4825
199.524452,100,177.683832
199.837061,100,177.876468
206.631676,100,178.06718
193.498163,100,178.247501
186.539634,100,178.422664
180.025409,100,178.60079
-1725.361849,100,178.790936
218.469757,100,178.992681
202.388803,100,179.165452
168.739125,100,179.347411
174.793919,100,179.538194
179.675629,100,179.727785
229.165536,100,179.911463
202.041585,100,186.457256
210.962855,100,186.654934
-522.819336,100,186.854985
217.384053,100,187.051004
229.274738,100,187.249222
233.257591,100,187.432626
223.144463,100,187.635779
123.443364,100,187.831843
122.047702,100,188.018312
-3877.267984,100,188.20765
203.283171,100,188.386614
187.521998,100,188.574096
228.337883,100,188.762426
219.764891,100,188.945714
254.771131,100,189.137117
174.103403,100,189.317044
236.486685,100,189.495851
208.073985,100,189.683181
183.973797,100,189.855907
-6290.093395,100,190.039863
198.003025,100,196.662358
205.381469,100,196.846441
214.491786,100,197.025897
190.413948,100,197.208264
181.573757,100,197.391318
232.660676,100,197.562447
100.789324,100,197.751957
-1727.097726,100,197.938592
245.164552,100,198.127094
200.389747,100,198.319994
204.654523,100,198.516106
211.504379,100,198.709172
-1107.622908,100,198.900924
236.546854,100,199.084669
-2345.79468,100,199.277298
197.786734,100,199.4548
188.662887,100,199.634475
194.65443,100,199.823786
211.104344,100,200.000733
206.136293,100,200.186452
193.997288,100,200.371991
164.00317,100,207.029176
87.940293,100,207.206108
-670.806434,100,207.394374
195.393743,100,207.591423
222.070292,100,207.794108
202.530257,100,207.994026
207.389167,100,208.165318
80.515701,100,208.353797
167.660365,100,208.54941
-1020.585801,100,208.729147
86.038404,100,208.916625
210.482076,100,209.101118
204.817795,100,209.275015
184.267376,100,209.456085
199.828809,100,209.639715
-130.947729,100,209.824033
217.209399,100,210.018012
189.408321,100,210.217664
-9.693985,100,210.407852
206.122618,100,210.597287
237.244362,100,217.470657
227.468404,100,217.660279
212.099247,100,217.848065
218.219023,100,218.035791
181.047837,100,218.226068
177.910142,100,218.41012
183.886869,100,218.590053
225.948669,100,218.778697
209.577035,100,218.959313
-1646.981683,100,219.13946
178.419201,100,219.328707
203.486119,100,219.514881
219.345247,100,219.693904
173.47466,100,219.884367
222.664966,100,220.076307
203.384698,100,220.277603
-28.453731,100,220.460812
190.339382,100,220.644705
220.569631,100,220.825884
221.057285,100,220.995948
226.465797,100,221.18174
211.961843,100,227.806164
221.073407,100,227.990541
182.015268,100,228.166683
192.779791,100,228.362717
187.439137,100,228.564788
188.570785,100,228.756932
206.593706,100,228.941031
182.90062,100,229.129548
203.020402,100,229.310768
194.377489,100,229.490829
219.574012,100,229.676556
220.816794,100,229.857872
195.676554,100,230.038489
203.801509,100,230.226813
-356.322839,100,230.410702
168.106665,100,230.588041
235.8561,100,230.772499
14.766505,100,230.95399
180.881938,100,231.139904
216.941157,100,231.325193
-6.378031,100,237.978821
201.559839,100,238.160697
186.679077,100,238.352991
195.86485,100,238.538064
-878.063262,100,238.719509
203.980943,100,238.91987
212.250962,100,239.12123
212.537612,100,239.308365
200.153476,100,239.492406
209.282233,100,239.681816
227.198428,100,239.872687
198.887974,100,240.055691
199.794852,100,240.242876
205.786938,100,240.42233
24.959343,100,240.612551
194.392398,100,240.812006
213.40945,100,241.004138
189.57639,100,241.185828
-9115.952351,100,241.374099
203.606048,100,241.561084
193.323464,100,241.747345
214.062838,100,248.442665
211.901207,100,248.629742
202.688758,100,248.825184
234.042939,100,249.007642
182.062633,100,249.192203
206.558722,100,249.378708
-4804.567558,100,249.564856
210.457668,100,249.757386
-2893.230719,100,249.933765
212.941279,100,250.117786
228.570725,100,250.307
206.065292,100,250.489329
146.903525,100,250.671882
187.787843,100,250.857192
149.482215,100,251.039959
230.436862,100,251.229491
151.949104,100,251.438204
200.560648,100,251.639271
226.657129,100,251.823889
198.537592,100,251.999149
189.081025,100,258.74293
210.547676,100,258.931591
191.225056,100,259.118265
188.346801,100,259.294351
211.926949,100,259.477167
170.076885,100,259.655829
193.170271,100,259.835301
196.58602,100,260.024561
197.501793,100,260.216892
202.996798,100,260.394758
-1283.731329,100,260.581983
177.961886,100,260.773752
232.968877,100,260.954698
202.945896,100,261.1444
204.562712,100,261.330076
-4483.475284,100,261.525761
102.854736,100,261.699096
206.753208,100,261.890122
215.518154,100,262.078223
-1552.912826,100,262.268899
203.888092,100,262.453985
142.333069,100,268.990802
-9087.771815,100,269.186274
25.181453,100,269.37476
181.854001,100,269.54635
185.035187,100,269.732213
205.848536,100,269.912375
197.137553,100,270.092259
196.503147,100,270.277603
179.030806,100,270.457753
179.935029,100,270.64077
189.570391,100,270.828136
203.823198,100,271.011313
214.567084,100,271.19051
218.586137,100,271.377454
183.755937,100,271.560064
194.210435,100,271.745357
217.293551,100,271.941065
224.180313,100,272.139296
222.36731,100,272.336478
199.932331,100,272.529656
214.950064,100,279.208385
201.81079,100,279.386763
229.133309,100,279.561279
208.171161,100,279.754123
185.778628,100,279.939042
210.893004,100,280.112944
207.09984,100,280.298552
127.230757,100,280.479726
-312.235076,100,280.67238
208.414988,100,280.864201
220.087682,100,281.063789
197.871729,100,281.260394
190.15021,100,281.467439
198.170427,100,281.658575
-1986.766074,100,281.850618
201.566348,100,282.029236
212.269217,100,282.21045
-289.776545,100,282.392793
228.523073,100,282.579344
218.179636,100,282.754445
225.766467,100,289.652612
209.51921,100,289.834176
166.155339,100,290.011393
-0.162747,100,290.207615
197.198917,100,290.395328
214.737129,100,290.579164
188.796018,100,290.760095
219.341874,100,290.942302
218.801452,100,291.12088
214.443342,100,291.303784
-2623.382804,100,291.489358
204.998709,100,291.670887
203.120729,100,291.852193
209.00624,100,292.043909
217.610494,100,292.228706
222.065268,100,292.411757
206.655717,100,292.591665
-3947.82225,100,292.77937
227.404865,100,292.97575
194.333221,100,293.172986
183.293908,100,293.372086
216.216514,100,299.963095
-186.913622,100,300.139805
180.966529,100,300.325302
101.970692,100,300.504941
182.951598,100,300.70161
171.962221,100,300.891686
188.069065,100,301.072664
195.663928,100,301.266567
110.618772,100,301.457101
206.658206,100,301.632086
207.143575,100,301.817027
139.143565,100,302.011574
197.991434,100,302.210482
193.199561,100,302.402222
228.401446,100,302.591834
185.540731,100,302.7775
205.478479,100,302.959383
-1715.176907,100,303.150587
195.745914,100,303.338929
193.299649,100,303.516673
186.644994,100,310.066177
203.476563,100,310.249736
196.600651,100,310.432836
185.548401,100,310.614219
224.281809,100,310.799897
173.877526,100,310.973702
-4098.912692,100,311.170095
180.664058,100,311.371587
201.948885,100,311.571459
150.705005,100,311.755584
203.917055,100,311.942528
191.618659,100,312.126112
218.020102,100,312.303781
217.987682,100,312.486093
209.83665,100,312.67396
200.821238,100,312.854799
205.135113,100,313.041836
211.362294,100,313.227365
199.018534,100,313.400551
175.797766,100,313.589313
214.770201,100,313.771553
188.661304,100,320.41031
209.128815,100,320.591035
196.116215,100,320.772592
189.999611,100,320.946356
171.012725,100,321.125435
207.243752,100,321.309705
-570.77786,100,321.493855
187.792956,100,321.66977
209.01346,100,321.855895
210.289613,100,322.037856
189.989254,100,322.212708
207.285694,100,322.392666
209.363722,100,322.574917
192.016192,100,322.756124
199.380969,100,322.954576
188.682917,100,323.161839
199.109055,100,323.359551
178.58746,100,323.536743
208.852949,100,323.71802
199.205399,100,323.900259
200.995085,100,330.530816
-4624.209734,100,330.707988
188.759475,100,330.890425
139.849347,100,331.07089
246.626599,100,331.254763
201.356043,100,331.441741
177.579972,100,331.629622
199.057534,100,331.813766
189.788634,100,332.011711
205.201321,100,332.208115
184.866738,100,332.399076
172.516384,100,332.585119
-1781.48866,100,332.770112
190.112242,100,332.954621
210.161974,100,333.131962
130.972639,100,333.314198
177.376816,100,333.499803
193.358077,100,333.672966
-1022.407773,100,333.865476
199.553703,100,334.044058
181.661798,100,334.229827
170.099873,100,340.844836
213.227891,100,341.040815
212.514693,100,341.244922
-336.272592,100,341.440807
200.025637,100,341.637106
198.42921,100,341.828325
206.091807,100,342.009359
203.735164,100,342.193006
194.786902,100,342.380735
121.419415,100,342.564877
195.347745,100,342.745742
208.896022,100,342.925261
176.901018,100,343.109458
-330.943039,100,343.291736
214.338342,100,343.476167
190.512353,100,343.664596
186.030014,100,343.842
107.221877,100,344.038846
204.576178,100,344.228482
214.48812,100,344.414114
182.811517,100,351.178563
201.124595,100,351.368949
198.066336,100,351.555809
-3509.851516,100,351.736917
201.238898,100,351.915799
173.993163,100,352.10168
196.709213,100,352.282206
188.785033,100,352.471755
-4121.128521,100,352.660851
196.607167,100,352.847447
202.896777,100,353.049167
192.148268,100,353.247619
183.499527,100,353.435087
191.079827,100,353.616046
219.808817,100,353.802558
207.146638,100,353.984621
194.281136,100,354.159446
178.701566,100,354.335656
207.545581,100,354.516962
184.530068,100,354.69974
205.4845,100,354.896871
197.513028,100,361.55242
203.766806,100,361.737427
-777.023324,100,361.920044
195.205939,100,362.110183
223.523515,100,362.307129
180.655424,100,362.504433
202.8943,100,362.692535
212.733358,100,362.871978
207.848971,100,363.056337
179.520983,100,363.243045
219.934917,100,363.429527
208.177591,100,363.614193
192.362372,100,363.795065
183.858887,100,363.98079
214.128522,100,364.169448
184.952679,100,364.351277
187.232238,100,364.539108
-2991.596783,100,364.720379
189.116581,100,364.906896
151.800528,100,365.086986
182.577956,100,371.801645
208.835997,100,371.97378
200.807266,100,372.165003
188.794611,100,372.357945
205.269382,100,372.542121
215.887315,100,372.723724
231.641703,100,372.911944
201.57592,100,373.087308
183.347267,100,373.278045
211.51369,100,373.466531
207.153843,100,373.644436
-6389.994461,100,373.83237
205.757109,100,374.012993
199.727557,100,374.194921
196.357282,100,374.37409
205.269217,100,374.558272
188.980237,100,374.745856
199.376711,100,374.92979
217.689776,100,375.114203
194.925195,100,375.289732
181.933863,100,375.470985
-324.237919,100,382.031882
203.046589,100,382.227811
226.895486,100,382.413025
156.974005,100,382.606775
-1013.735253,100,382.799674
210.035595,100,382.993731
-2395.122057,100,383.193851
160.60072,100,383.393872
-48.419304,100,383.584045
191.172473,100,383.760802
182.842505,100,383.948621
56.999379,100,384.135193
-7812.786741,100,384.31934
206.09894,100,384.495842
241.308825,100,384.674528
180.304315,100,384.848023
223.913295,100,385.035888
192.058776,100,385.217278
198.283693,100,385.397097
172.591772,100,385.587655
179.232854,100,392.190621
194.085543,100,392.391141
191.271988,100,392.579099
190.436363,100,392.766531
198.110665,100,392.951782
192.720815,100,393.128082
175.422968,100,393.314791
203.489609,100,393.503971
201.376919,100,393.68248
203.149971,100,393.864961
215.746058,100,394.04389
181.521784,100,394.233759
206.163671,100,394.423792
248.069486,100,394.607975
128.395225,100,394.788969
231.826815,100,394.978567
-216.263296,100,395.16309
191.526363,100,395.339047
217.522133,100,395.521206
204.14746,100,395.702432
182.894689,100,395.882018
163.315871,100,402.50623
-1689.812238,100,402.689868
214.45132,100,402.869972
215.669424,100,403.052488
234.745084,100,403.238003
207.057055,100,403.421628
208.01457,100,403.60462
212.753808,100,403.789354
200.489736,100,403.963774
178.067004,100,404.15249
204.022354,100,404.336451
219.135695,100,404.512403
229.641113,100,404.702328
181.151202,100,404.889106
202.987609,100,405.070781
220.136349,100,405.248525
218.894179,100,405.432355
195.216866,100,405.62237
180.053678,100,405.823941
219.073137,100,406.019484
192.435905,100,412.667333
182.412543,100,412.860045
184.659384,100,413.0571
211.486345,100,413.248098
198.31605,100,413.441216
205.993844,100,413.62844
207.412846,100,413.812251
191.929824,100,413.996086
182.667394,100,414.186688
208.328371,100,414.368854
204.479251,100,414.554344
172.715977,100,414.745867
-338.085145,100,414.934313
196.270051,100,415.118746
196.752965,100,415.300817
209.119641,100,415.487296
198.154733,100,415.665744
206.79656,100,415.849423
188.348965,100,416.037031
180.296068,100,416.20796
180.116498,100,416.396543
202.723802,100,422.977713
169.305254,100,423.158494
234.153132,100,423.337811
191.574088,100,423.53899
205.578489,100,423.733809
193.653902,100,423.915483
205.826737,100,424.103832
223.136409,100,424.281965
180.219467,100,424.475771
190.129554,100,424.661154
-3988.308821,100,424.847003
212.234148,100,425.026732
206.032256,100,425.212826
194.949202,100,425.39821
178.383181,100,425.580632
199.668211,100,425.764114
201.829883,100,425.943805
190.134068,100,426.125249
201.978538,100,426.312186
213.431685,100,426.49207
167.801779,100,433.156732
193.27675,100,433.347093
-221.429664,100,433.538354
181.819068,100,433.72594
190.95321,100,433.908067
7.455121,100,434.102497
226.565293,100,434.285563
220.785803,100,434.472155
219.508496,100,434.654042
-874.676024,100,434.83766
221.78599,100,435.024678
182.64552,100,435.212106
-2974.785274,100,435.397535
204.639178,100,435.584816
207.645512,100,435.782901
205.820402,100,435.984012
149.150851,100,436.180319
0.432686,100,436.374793
-404.257079,100,436.550415
196.037512,100,436.740254
246.250059,100,436.924364
213.188996,100,443.75176
219.469075,100,443.967004
186.130305,100,444.149838
209.594637,100,444.332182
189.452659,100,444.518972
198.783441,100,444.695188
-138.181815,100,444.884694
224.654213,100,445.064694
146.16192,100,445.247821
173.808392,100,445.428138
199.787202,100,445.614029
216.225068,100,445.790311
207.989274,100,445.982294
213.613097,100,446.156133
184.825774,100,446.342918
215.195443,100,446.528779
177.267652,100,446.711251
214.670733,100,446.898319
212.405055,100,447.090233
195.415461,100,447.283703
179.552546,100,453.802181
205.160959,100,453.988364
218.445133,100,454.167646
201.353761,100,454.350725
172.68055,100,454.525896
231.369956,100,454.713897
192.152985,100,454.898797
233.842797,100,455.089061
181.169073,100,455.261603
208.820924,100,455.442725
230.701389,100,455.624987
254.459838,100,455.803893
218.78258,100,455.988486
237.1168,100,456.171337
-2469.470002,100,456.358866
-1155.475066,100,456.555288
178.298751,100,456.760312
227.624488,100,456.952621
157.34777,100,457.141474
212.723495,100,457.323931
243.476509,100,457.504884
-4645.381836,100,464.061551
-1016.276133,100,464.248265
258.762927,100,464.424123
251.942174,100,464.606542
222.043983,100,464.794193
226.481973,100,464.976208
216.355193,100,465.158741
250.857232,100,465.348471
212.219201,100,465.530716
266.000443,100,465.726526
230.868492,100,465.926832
209.01796,100,466.122723
259.84682,100,466.31265
227.619615,100,466.485705
236.742628,100,466.673918
207.669269,100,466.861126
224.179587,100,467.056075
240.258235,100,467.235826
231.504967,100,467.418338
231.665097,100,467.595227
-849.603686,100,474.200561
230.678908,100,474.393972
211.821195,100,474.579082
239.246037,100,474.758788
180.474978,100,474.94637
209.051367,100,475.118289
212.836741,100,475.302319
101.581745,100,475.48371
126.079209,100,475.664459
264.989314,100,475.850326
227.656315,100,476.028258
213.171596,100,476.210662
219.86856,100,476.3938
253.395091,100,476.577942
199.366367,100,476.760049
229.967496,100,476.951536
82.744312,100,477.128812
240.659888,100,477.31443
219.726842,100,477.510436
165.713438,100,477.708973
216.574412,100,477.907047
222.215089,100,484.477261
205.860997,100,484.657533
194.221971,100,484.846045
243.702638,100,485.032737
224.081864,100,485.214346
-4120.682429,100,485.40697
177.169943,100,485.59238
252.72812,100,485.785723
194.853103,100,485.961031
-6162.428464,100,486.149977
-56.736971,100,486.333005
255.792496,100,486.52852
216.442748,100,486.728738
215.873478,100,486.925808
-23.711877,100,487.114421
208.165468,100,487.282926
246.514685,100,487.465267
59.290519,100,487.651496
244.870793,100,487.843989
227.216997,100,488.030957
204.736413,100,494.577869
216.759954,100,494.761522
227.434453,100,494.951259
201.623036,100,495.134033
190.815011,100,495.321765
240.282905,100,495.507431
200.938371,100,495.706454
154.796952,100,495.900449
186.854217,100,496.100407
211.511818,100,496.282523
200.540321,100,496.46048
150.956754,100,496.638834
226.757818,100,496.8258
210.159632,100,497.005064
-2986.229631,100,497.189849
194.989685,100,497.377314
194.090289,100,497.568455
241.059198,100,497.742831
206.199886,100,497.931779
216.110739,100,498.11049
235.438803,100,498.289523
177.953945,100,504.969821
177.260335,100,505.155486
0.121368,100,505.339564
234.7793,100,505.528998
206.087924,100,505.711383
50.50536,100,505.894809
255.333807,100,506.079772
183.608675,100,506.257969
236.033472,100,506.439486
210.437867,100,506.630784
184.138462,100,506.816748
192.950219,100,507.004904
225.60312,100,507.193778
245.932121,100,507.382175
-40.97017,100,507.583618
-1609.747464,100,507.775667
206.274298,100,507.968012
217.944794,100,508.16425
207.715878,100,508.338175
-6308.302096,100,508.519332
211.629056,100,515.158498
177.461289,100,515.353792
200.904754,100,515.54168
217.410706,100,515.727165
211.499469,100,515.915222
219.52683,100,516.105173
195.751699,100,516.280936
-2536.335544,100,516.469691
187.685914,100,516.669467
198.981896,100,516.870977
202.397787,100,517.07252
209.434196,100,517.254488
209.568463,100,517.44285
227.41308,100,517.620923
234.39235,100,517.81086
231.451985,100,517.995044
152.400695,100,518.181522
204.692209,100,518.354442
218.26743,100,518.538898
193.344515,100,518.722853
188.100864,100,518.911875
191.749649,100,525.557536
213.64233,100,525.752853
218.542465,100,525.952746
231.172398,100,526.141465
196.492185,100,526.321423
213.393611,100,526.508999
228.876658,100,526.684701
220.40197,100,526.872833
206.086745,100,527.061633
209.111351,100,527.238072
218.957803,100,527.42749
212.693325,100,527.610084
252.679678,100,527.79399
234.880274,100,527.975444
211.935773,100,528.162726
220.729674,100,528.352389
-53.723215,100,528.542842
217.677846,100,528.740881
254.281366,100,528.933054
247.957841,100,529.114126
203.491021,100,535.448047
236.166605,100,535.620786
-809.144737,100,535.812551
183.878011,100,536.00207
233.699502,100,536.180469
-2306.275309,100,536.370718
195.31486,100,536.550643
192.359353,100,536.741483
215.686391,100,536.919118
183.218507,100,537.103577
235.749232,100,537.289868
168.302047,100,537.476671
198.584809,100,537.677896
192.924734,100,537.884989
196.56509,100,538.074129
201.381549,100,538.24689
221.013068,100,538.4286
222.931731,100,538.606713
247.891712,100,538.789142
202.412819,100,538.989962
242.34336,100,545.474919
219.944655,100,545.659727
90.689955,100,545.848613
194.026529,100,546.029613
230.657703,100,546.201749
232.279496,100,546.388396
-4924.415594,100,546.577235
248.132187,100,546.77183
100.533285,100,546.969903
232.561528,100,547.164781
210.698769,100,547.348625
209.224453,100,547.525837
221.453053,100,547.717845
240.226088,100,547.897032
223.303956,100,548.07628
224.965106,100,548.250014
182.808128,100,548.425818
254.116104,100,548.612766
183.897357,100,548.790998
180.399944,100,548.976942
215.626503,100,549.158492
92.363041,100,555.891856
193.014724,100,556.094026
261.119584,100,556.289279
207.28625,100,556.473752
-826.482662,100,556.662384
238.687954,100,556.850909
248.955421,100,557.037394
-5045.888402,100,557.218662
199.092524,100,557.405603
199.643656,100,557.588803
224.059731,100,557.772081
195.680412,100,557.962811
177.618533,100,558.148691
174.67225,100,558.340649
214.899991,100,558.545543
213.865599,100,558.738506
196.46659,100,558.921542
195.613211,100,559.141756
222.219018,100,559.326843
191.039293,100,559.512659
227.577573,100,566.217262
-7923.430975,100,566.400599
220.402067,100,566.578664
191.309028,100,566.756526
210.311333,100,566.940401
181.464038,100,567.127928
216.176807,100,567.296465
217.849759,100,567.499416
240.866292,100,567.695486
205.800736,100,567.890832
180.558789,100,568.084991
-6482.725909,100,568.26541
203.02787,100,568.452077
-7355.170544,100,568.63756
-4489.232042,100,568.818458
216.197969,100,568.997923
-3210.018916,100,569.17246
222.273484,100,569.353956
141.382752,100,569.537966
188.151568,100,569.720942
189.379781,100,569.909283
179.368276,100,576.263905
228.562867,100,576.449105
187.068119,100,576.64137
184.361089,100,576.841033
213.660303,100,577.031682
232.631879,100,577.23498
209.239804,100,577.434017
250.355708,100,577.63651
79.157605,100,577.824604
204.86809,100,578.003787
208.10382,100,578.192432
2.992704,100,578.371721
226.713523,100,578.551416
-2058.352391,100,578.747719
192.066506,100,578.929804
227.337638,100,579.108436
215.24173,100,579.294797
213.996503,100,579.484448
220.553922,100,579.667455
205.662137,100,579.862108
209.735804,100,586.332929
55.758527,100,586.516149
200.591105,100,586.699202
227.235955,100,586.887228
188.119042,100,587.076813
225.861277,100,587.26197
216.862695,100,587.439671
207.245299,100,587.62803
221.786768,100,587.811973
168.612666,100,588.005779
238.294173,100,588.189008
225.455076,100,588.379521
231.644292,100,588.571964
-9131.615513,100,588.772087
-835.387234,100,588.958287
84.516756,100,589.124761
206.167045,100,589.311255
218.214013,100,589.503906
252.986258,100,589.68629
-690.561713,100,589.872389
213.235312,100,590.063672
225.179121,100,596.454121
207.717044,100,596.637087
193.273015,100,596.827794
197.985452,100,597.014833
220.675972,100,597.186481
179.184603,100,597.379394
200.836954,100,597.571996
205.66073,100,597.767341
176.168072,100,597.961308
222.212791,100,598.145128
208.98688,100,598.32454
242.689371,100,598.505954
182.984627,100,598.683595
162.509246,100,598.860938
206.367648,100,599.073977
230.072898,100,599.258981
214.596946,100,599.437804
132.557382,100,599.620473
197.739818,100,599.802946
197.188399,100,599.976135
225.282502,100,606.367528
205.790298,100,606.561021
-1879.125272,100,606.762754
131.681006,100,606.959168
197.285464,100,607.153601
210.101751,100,607.339359
218.252828,100,607.531146
-217.502352,100,607.710024
211.282296,100,607.90268
218.775814,100,608.083583
214.556895,100,608.262828
201.609406,100,608.444357
233.052428,100,608.622113
236.456107,100,608.810375
235.34251,100,608.997009
234.298146,100,609.18565
188.857539,100,609.368186
265.525855,100,609.545004
237.418487,100,609.723928
211.180187,100,609.910914
216.311039,100,610.088241
218.911088,100,616.532202
202.595413,100,616.715842
177.289017,100,616.898115
188.751836,100,617.080645
177.349076,100,617.255868
214.82052,100,617.429413
203.693705,100,617.620798
203.642348,100,617.800756
211.329623,100,617.981286
206.15086,100,618.165121
247.84742,100,618.365481
220.371543,100,618.560084
-608.003786,100,618.756352
203.03204,100,618.94125
191.463452,100,619.131763
201.811919,100,619.310876
-613.208409,100,619.490647
151.83657,100,619.675012
176.583995,100,619.849948
213.993543,100,620.034636
178.762405,100,626.340052
226.14896,100,626.528853
217.98772,100,626.704776
202.816254,100,626.883669
204.895966,100,627.073958
214.532792,100,627.255671
199.384349,100,627.443825
-5.596978,100,627.640656
205.638987,100,627.840247
207.411099,100,628.034114
213.091383,100,628.220593
206.524609,100,628.408064
133.672043,100,628.582139
-4176.002767,100,628.76465
217.593874,100,628.942367
236.599761,100,629.119842
211.732744,100,629.302606
178.658258,100,629.482484
227.00433,100,629.660911
213.993935,100,629.849822
240.304724,100,630.026603
-31.906348,100,636.342105
181.875587,100,636.529675
213.886041,100,636.719086
202.124669,100,636.918725
204.914612,100,637.122071
-2913.32514,100,637.294772
222.622876,100,637.478993
7.324725,100,637.652292
196.026027,100,637.831839
213.002998,100,638.016221
-333.602022,100,638.191173
203.970665,100,638.369189
199.249794,100,638.554569
228.417072,100,638.730434
212.5582,100,638.912014
152.135117,100,639.085285
198.193883,100,639.274972
201.621398,100,639.45898
208.021035,100,639.631665
218.307917,100,639.809845
201.017465,100,646.368402
198.320688,100,646.556932
183.053055,100,646.733764
203.419244,100,646.915648
245.878649,100,647.104214
110.8194,100,647.340337
224.334619,100,647.561749
234.669979,100,647.751623
195.212805,100,647.944389
190.715875,100,648.135437
201.047992,100,648.345391
215.847889,100,648.566535
179.381413,100,648.792363
240.941555,100,649.014767
177.917391,100,649.225421
229.982306,100,649.449932
219.581139,100,649.656044
273.052515,100,649.877935
203.283797,100,650.104764
202.240226,100,650.315878
218.715255,100,650.531293
209.140084,100,658.445711
156.066761,100,658.63301
190.617941,100,658.809454
207.176939,100,659.005226
87.254695,100,659.199996
133.161028,100,659.387891
188.317754,100,659.573862
213.371984,100,659.75809
227.966056,100,659.935757
237.451377,100,660.109757
166.513718,100,660.295228
247.806364,100,660.473629
212.174584,100,660.650689
257.955224,100,660.834468
211.670861,100,661.013918
205.714936,100,661.191998
220.8037,100,661.379062
196.84473,100,661.560001
214.451456,100,661.739347
200.483505,100,661.920798
212.504674,100,668.652027
169.737941,100,668.836165
250.58338,100,669.016693
229.411257,100,669.201069
225.275875,100,669.395833
179.935617,100,669.582382
-4362.513604,100,669.7787
172.609993,100,669.965726
240.532576,100,670.140867
238.786403,100,670.325838
217.54127,100,670.513801
210.504207,100,670.692115
150.96161,100,670.87979
192.660634,100,671.06821
222.234346,100,671.241347
193.393097,100,671.436704
213.573661,100,671.632612
202.519158,100,671.824078
194.037627,100,672.012813
260.240055,100,672.204907
223.05104,100,672.438933
243.918915,100,679.221375
-104.046641,100,679.400534
229.764512,100,679.592474
231.160174,100,679.782506
218.474907,100,679.971192
162.392735,100,680.149202
231.227031,100,680.332525
218.418949,100,680.509384
-647.075828,100,680.697751
233.257942,100,680.882779
209.780061,100,681.071073
228.28815,100,681.250383
237.543325,100,681.433786
-3017.25566,100,681.607232
236.888444,100,681.789699
235.919364,100,681.970316
206.07366,100,682.220532
212.091012,100,682.404694
251.958393,100,682.58655
206.471784,100,682.77597
204.495687,100,689.011284
202.7449,100,689.186841
-4042.001557,100,689.366794
248.372596,100,689.545947
202.981758,100,689.732029
251.746505,100,689.914604
-1875.784718,100,690.101464
191.7187,100,690.302753
167.874413,100,690.485596
202.406985,100,690.662905
205.449998,100,690.840953
-2.162163,100,691.021718
-8890.169389,100,691.208273
199.14277,100,691.392142
239.604316,100,691.577831
234.825633,100,691.761795
243.073347,100,692.026596
229.212794,100,692.220945
196.493587,100,692.418239
-3096.90357,100,692.595603
251.642685,100,692.770758
213.41178,100,699.143539
191.232399,100,699.325392
197.297523,100,699.503774
184.050905,100,699.691092
208.907173,100,699.870641
203.758755,100,700.040397
184.2003,100,700.227185
214.41628,100,700.417055
205.192713,100,700.590756
-2497.34865,100,700.775492
183.46869,100,700.957185
-2598.044001,100,701.141005
213.433633,100,701.338054
214.417935,100,701.540156
175.971351,100,701.729515
-97.219309,100,701.912796
-2983.589235,100,702.096114
212.906847,100,702.340927
234.008431,100,702.52245
200.433595,100,702.702462
196.80055,100,708.952707
187.230611,100,709.13958
162.697805,100,709.321363
194.332408,100,709.500862
193.595479,100,709.704584
213.911627,100,709.886404
229.396462,100,710.069589
134.245421,100,710.251383
221.541741,100,710.434765
211.426933,100,710.620173
191.993845,100,710.893852
214.963609,100,711.163968
222.592473,100,711.358067
115.787384,100,711.547163
183.010388,100,711.729998
195.448314,100,711.930185
194.425361,100,712.142034
229.7096,100,712.35026
172.508698,100,712.611932
181.173257,100,712.807421
185.57543,100,713.012036
216.996267,100,719.874838
188.790045,100,720.059731
218.207718,100,720.248595
216.15923,100,720.421865
212.165123,100,720.606822
210.119733,100,720.788767
247.668137,100,720.968696
226.156546,100,721.152029
206.455246,100,721.338247
205.517761,100,721.519274
203.303016,100,721.706114
216.517306,100,721.897035
240.539649,100,722.095288
210.800154,100,722.285627
198.030777,100,722.473656
216.005485,100,722.718227
228.774828,100,722.888944
226.85185,100,723.0745
220.145443,100,723.24808
228.326409,100,723.432106
207.253365,100,730.114836
229.629825,100,730.307814
227.492173,100,730.500355
241.486397,100,730.68541
-694.535302,100,730.870234
255.48441,100,731.05584
226.217466,100,731.251531
205.63112,100,731.452046
175.639601,100,731.639426
242.243109,100,731.820513
225.808456,100,732.000564
208.923581,100,732.242508
242.327726,100,732.435843
255.232741,100,732.612025
236.829684,100,732.793733
-4276.999969,100,732.995032
-4105.498965,100,733.181854
260.966319,100,733.356274
209.33216,100,733.541876
209.831641,100,733.732103
253.545963,100,733.908459
-1153.77366,100,740.469626
232.200729,100,740.646125
225.453388,100,740.850572
-395.235257,100,741.031362
218.791196,100,741.220795
223.030628,100,741.402952
-5502.776071,100,741.593858
137.914433,100,741.776726
233.077934,100,741.958484
210.292745,100,742.143587
191.791671,100,742.397704
195.809855,100,742.587245
198.321729,100,742.781087
209.753233,100,742.973698
233.376868,100,743.172106
215.169905,100,743.364746
217.939571,100,743.550696
220.098877,100,743.725759
-3808.490461,100,743.909491
236.970836,100,744.099
206.08647,100,750.479801
240.575096,100,750.657522
221.914007,100,750.837883
233.607662,100,751.02178
235.579235,100,751.196654
214.146393,100,751.388416
201.155228,100,751.565927
192.981094,100,751.80936
219.018398,100,751.99796
236.340993,100,752.19653
201.877146,100,752.393745
223.88412,100,752.593666
180.559519,100,752.777807
157.253241,100,752.954981
214.241605,100,753.1457
159.333749,100,753.330322
212.164703,100,753.505279
221.628869,100,753.695771
193.142017,100,753.882664
211.452627,100,754.071859
234.998126,100,754.257408
204.389014,100,760.769499
179.31722,100,760.955992
218.480322,100,761.147142
213.130861,100,761.417213
222.826033,100,761.615154
205.471499,100,761.814298
-508.585329,100,761.996267
227.960689,100,762.192486
234.106633,100,762.375696
223.579877,100,762.553746
238.301825,100,762.746251
228.600215,100,762.938581
202.674012,100,763.124345
222.23284,100,763.303955
207.063088,100,763.491913
176.126964,100,763.679349
160.193171,100,763.855849
-2247.119057,100,764.033586
194.283034,100,764.22112
235.298981,100,764.404859
222.446658,100,771.050345
200.998707,100,771.232435
173.383529,100,771.4167
206.750502,100,771.594826
209.382761,100,771.782202
79.118684,100,771.967632
234.649307,100,772.143588
236.421981,100,772.331298
188.354551,100,772.510083
220.182694,100,772.691712
165.747046,100,772.960291
197.426236,100,773.158323
180.686233,100,773.350824
191.926143,100,773.542618
202.241537,100,773.729955
202.90955,100,773.926051
214.386759,100,774.104543
193.433653,100,774.286505
182.098644,100,774.472487
199.472726,100,774.657772
236.337234,100,774.841288
211.773134,100,781.437231
147.056699,100,781.619275
240.681597,100,781.805754
228.236072,100,781.995825
150.788781,100,782.196936
193.961589,100,782.387853
191.040951,100,782.583651
181.306296,100,782.772542
203.331569,100,782.955858
205.887672,100,783.135259
201.278226,100,783.313971
198.060936,100,783.495827
215.1273,100,783.677432
225.223029,100,783.860807
-7561.572998,100,784.043868
203.578228,100,784.228447
197.510226,100,784.480574
202.444051,100,784.664512
212.804677,100,784.847619
207.300962,100,785.024555
213.429269,100,791.621887
252.482765,100,791.807207
219.936962,100,791.997128
184.410165,100,792.18846
215.506959,100,792.367138
198.488227,100,792.552582
217.55606,100,792.742861
-2548.082418,100,792.925746
209.416714,100,793.111312
221.569449,100,793.287209
218.402971,100,793.499068
197.694222,100,793.690966
213.8077,100,793.869738
211.613949,100,794.055628
212.053961,100,794.246771
188.023168,100,794.438573
194.454534,100,794.610187
112.104175,100,794.8624
241.708256,100,795.038544
209.339018,100,795.226395
175.793682,100,801.712396
202.53477,100,801.895772
232.892302,100,802.080886
150.459347,100,802.271337
204.978578,100,802.452216
238.940701,100,802.629884
-328.821456,100,802.822461
237.178927,100,803.024148
233.103796,100,803.20899
220.455274,100,803.41034
205.788815,100,803.596633
207.026847,100,803.780274
-847.213402,100,803.971504
228.63575,100,804.156427
236.145823,100,804.346902
213.324149,100,804.528891
229.787649,100,804.773527
198.07832,100,804.956311
215.702784,100,805.146291
211.700081,100,805.325883
213.593906,100,805.506488
155.985916,100,812.057689
235.086614,100,812.25816
163.193831,100,812.452003
201.3441,100,812.63515
206.828857,100,812.823942
226.646667,100,812.995308
218.218517,100,813.184775
196.617206,100,813.367822
207.805705,100,813.542723
-5370.661895,100,813.733488
200.656987,100,813.909987
219.845803,100,814.094147
220.872376,100,814.282243
211.835804,100,814.461191
191.308375,100,814.641911
211.894863,100,814.82669
179.71286,100,815.07835
206.368904,100,815.265966
-1929.349378,100,815.46095
155.873128,100,815.642549
216.191567,100,822.175413
212.778273,100,822.361065
264.715945,100,822.556086
194.451824,100,822.745891
207.154403,100,822.92369
220.496167,100,823.10808
241.154229,100,823.289855
184.502451,100,823.46828
245.661772,100,823.653726
-758.916789,100,823.838741
197.876928,100,824.016159
203.605459,100,824.217961
222.029454,100,824.392817
255.372341,100,824.56457
-424.015788,100,824.749626
202.991179,100,824.928821
239.173775,100,825.113748
215.320822,100,825.352341
231.507854,100,825.537952
235.480383,100,825.735044
237.307715,100,825.933662
255.087488,100,832.41186
219.376679,100,832.598825
183.231378,100,832.786455
174.707734,100,832.985401
266.524349,100,833.179508
256.820059,100,833.378679
224.908604,100,833.562934
259.000202,100,833.742816
8.2619,100,833.932219
-4364.230387,100,834.112773
239.362162,100,834.29377
233.215885,100,834.479302
229.780972,100,834.660082
224.806367,100,834.842185
249.03702,100,835.092222
205.534533,100,835.280043
239.834504,100,835.475853
215.326543,100,835.65288
253.931861,100,835.841418
192.888323,100,836.027903
194.604658,100,842.628961
224.702946,100,842.818556
241.650723,100,842.999377
245.39398,100,843.191861
220.648111,100,843.368936
-1164.772098,100,843.553863
256.454397,100,843.740734
244.307465,100,843.922936
234.795085,100,844.102559
162.328352,100,844.296613
-1029.615409,100,844.470696
217.986835,100,844.656079
207.33382,100,844.836049
222.130504,100,845.017549
223.575969,100,845.269377
205.92051,100,845.448786
233.69885,100,845.64232
230.876741,100,845.830538
203.690676,100,846.000441
179.024694,100,846.196813
188.612152,100,846.382755
238.531594,100,852.976515
243.636578,100,853.160092
216.847005,100,853.346583
-7225.158276,100,853.534903
186.49497,100,853.716771
-595.772688,100,853.903642
237.408149,100,854.085978
243.356792,100,854.259784
71.69808,100,854.440725
207.63388,100,854.624662
123.472084,100,854.807087
220.122772,100,854.990022
226.144043,100,855.167682
193.290301,100,855.421642
186.990777,100,855.617338
216.657907,100,855.808896
224.054656,100,856.004372
227.770904,100,856.200141
169.632211,100,856.390025
230.627561,100,856.573623
204.417505,100,863.180249
186.544088,100,863.36667
221.868025,100,863.551714
204.607353,100,863.738835
198.778842,100,863.924557
223.379906,100,864.109791
235.296416,100,864.284858
232.798781,100,864.471246
214.258766,100,864.653997
238.564496,100,864.836754
226.748203,100,865.021336
206.293533,100,865.206656
-536.935847,100,865.385904
246.117505,100,865.64142
208.379335,100,865.828351
223.946947,100,866.010815
239.02773,100,866.198769
223.969938,100,866.379517
232.109313,100,866.561074
225.305309,100,866.749352
-38.963324,100,866.93012
185.035983,100,873.486513
-10.576767,100,873.676292
205.439655,100,873.851185
245.941206,100,874.047717
211.122586,100,874.232855
201.816317,100,874.415109
198.161584,100,874.599676
207.389169,100,874.789014
272.667548,100,874.969838
245.776203,100,875.155191
-983.858547,100,875.337966
-601.387128,100,875.589499
231.932498,100,875.77361
222.772264,100,875.947061
224.013237,100,876.131963
157.154586,100,876.329996
172.596053,100,876.513738
211.941964,100,876.71032
253.76148,100,876.910367
237.594635,100,877.096779
231.510041,100,883.472701
213.015468,100,883.660229
-4782.592193,100,883.850733
212.284122,100,884.032202
202.887567,100,884.214461
119.291783,100,884.405392
223.811368,100,884.585876
260.367509,100,884.781929
197.381446,100,884.973464
209.134229,100,885.157488
226.229484,100,885.335985
220.666951,100,885.531172
219.488327,100,885.732176
262.177967,100,885.926246
218.502295,100,886.119004
203.205003,100,886.302443
-506.110233,100,886.479956
33.777745,100,886.653772
228.408735,100,886.832378
213.897763,100,887.083693
190.839168,100,887.273711
48.756964,100,893.961993
191.157176,100,894.150771
-370.168136,100,894.331908
227.234982,100,894.512217
260.929876,100,894.69368
202.853271,100,894.873535
181.442295,100,895.05863
216.844835,100,895.236787
162.143627,100,895.418897
201.122108,100,895.593476
211.729683,100,895.778496
266.49864,100,895.990812
199.00352,100,896.178506
216.817083,100,896.378046
-1377.460624,100,896.609149
223.998753,100,896.866949
230.090629,100,897.120409
152.991649,100,897.30671
245.700365,100,897.501254
235.40374,100,897.692228
209.273917,100,904.045318
-489.78984,100,904.236751
235.213752,100,904.413587
190.698577,100,904.58983
215.452921,100,904.779965
192.088719,100,904.956686
188.899833,100,905.139284
206.766931,100,905.327393
-340.772676,100,905.512424
-280.969097,100,905.69639
200.928517,100,905.880673
217.638406,100,906.068202
229.293249,100,906.248121
-3808.184408,100,906.436367
216.380711,100,906.632187
93.564038,100,906.825958
190.657498,100,907.023671
229.721612,100,907.205627
197.699893,100,907.456101
215.630173,100,907.635072
205.986275,100,907.823672
214.956936,100,914.384003
238.577306,100,914.562366
23.724535,100,914.739212
208.917455,100,914.990487
84.469799,100,915.17639
225.312192,100,915.364567
214.203798,100,915.543647
232.483449,100,915.730668
225.360993,100,915.926713
220.185156,100,916.120746
252.098107,100,916.31038
246.490513,100,916.490887
-1720.92773,100,916.67145
191.064399,100,916.848267
202.428548,100,917.030814
215.818752,100,917.211245
226.713097,100,917.393617
219.337994,100,917.57484
222.114636,100,917.75671
227.287807,100,917.936392
112.155715,100,924.500163
227.77081,100,924.687045
253.584057,100,924.869839
248.376306,100,925.054269
240.911404,100,925.281415
168.015578,100,925.479599
228.722791,100,925.661295
252.505031,100,925.840122
257.433517,100,926.025068
207.839955,100,926.207807
171.332414,100,926.390129
206.780296,100,926.569751
227.830031,100,926.760686
234.944173,100,926.936224
198.320808,100,927.117635
86.307107,100,927.309259
238.799863,100,927.504801
226.09153,100,927.696941
219.742502,100,927.891905
232.741592,100,928.075478
249.703238,100,928.259624
238.106169,100,934.557137
-4061.029449,100,934.741959
227.361088,100,934.930722
226.331712,100,935.096198
165.23874,100,935.351594
140.277755,100,935.530662
218.789976,100,935.722131
248.262671,100,935.91232
197.311014,100,936.096603
200.325262,100,936.282666
215.569055,100,936.479472
255.91861,100,936.675991
216.625543,100,936.859769
230.228679,100,937.046199
247.792807,100,937.224618
195.343771,100,937.408205
200.566527,100,937.598588
205.122287,100,937.817907
208.036808,100,938.04847
239.29952,100,938.299278
238.416156,100,947.228784
236.753656,100,947.450331
242.069116,100,947.66343
-955.113371,100,947.875914
243.261313,100,948.091326
258.132612,100,948.298543
80.720576,100,948.521349
261.333067,100,948.734392
228.757312,100,949.007004
105.324575,100,949.210143
261.975579,100,949.412229
271.310873,100,949.607297
246.263266,100,949.808941
212.28796,100,950.01106
164.715346,100,950.21232
183.916559,100,950.416835
-1511.70299,100,950.620346
84.002736,100,950.814486
270.484507,100,951.015461
225.638621,100,951.222734
244.432459,100,951.446535
198.576178,100,959.21288
248.969363,100,959.416808
236.291843,100,959.631094
236.828142,100,959.842408
249.276337,100,960.050709
255.451924,100,960.246273
226.024097,100,960.459616
271.10943,100,960.662633
66.437082,100,960.865172
173.405477,100,961.067982
-1870.812916,100,961.326902
190.411716,100,961.54763
9.731199,100,961.753772
197.94532,100,961.96628
280.237928,100,962.176757
-3807.502885,100,962.392143
189.611285,100,962.604537
-688.83513,100,962.817921
243.035594,100,963.02562
212.266245,100,963.228476
228.416461,100,970.794255
262.401023,100,971.008487
219.161707,100,971.211873
212.061659,100,971.428026
207.461156,100,971.654079
178.026772,100,971.88259
218.006012,100,972.10031
280.288874,100,972.309782
212.960618,100,972.518184
251.554699,100,972.734765
235.371829,100,972.943995
242.973014,100,973.154441
229.585615,100,973.360428
-320.281393,100,973.567216
212.183294,100,973.756352
235.049425,100,974.076224
-675.077809,100,974.272004
-328.664183,100,974.462006
213.394404,100,974.675033
208.715391,100,974.961955
218.071745,100,975.204983
234.96038,100,983.776198
160.372657,100,983.999966
255.809326,100,984.207977
215.160323,100,984.464038
267.146719,100,984.734303
256.362914,100,985.021053
249.603892,100,985.27458
166.41951,100,985.512472
184.749821,100,985.720234
248.200809,100,985.97205
250.880395,100,986.187436
212.659305,100,986.39153
224.944934,100,986.671801
216.53736,100,986.949907
-7883.491984,100,987.160455
244.287811,100,987.376804
236.665917,100,987.582491
243.588001,100,987.78194
-4041.560255,100,987.9985
246.378639,100,988.202252
235.175603,100,995.847032
249.792885,100,996.056692
-44.467584,100,996.257529
234.600347,100,996.455659
216.818535,100,996.653659
258.601076,100,996.874161
269.693545,100,997.077659
237.67419,100,997.286735
136.114331,100,997.52035
198.051716,100,997.7123
241.444744,100,997.91474
218.189153,100,998.114598
256.751348,100,998.311269
277.355159,100,998.497447
232.496861,100,998.697633
260.34609,100,998.900813
260.014243,100,999.146097
234.124221,100,999.344174
261.929732,100,999.554281
239.474118,100,999.800322
193.904976,100,1000.007875
-9074.855837,100,1007.769754
-232.454217,100,1007.979761
-1623.715195,100,1008.180661
245.730433,100,1008.387019
-2497.590678,100,1008.595229
233.48165,100,1008.803762
256.01597,100,1009.009328
205.794901,100,1009.209521
215.67397,100,1009.4093
114.917011,100,1009.609315
220.830654,100,1009.80524
232.686613,100,1010.007888
240.812998,100,1010.206562
252.996119,100,1010.415107
180.966157,100,1010.616678
226.888163,100,1010.816137
237.167923,100,1011.004574
198.326132,100,1011.224168
225.177288,100,1011.418239
216.606207,100,1011.622108
260.374378,100,1019.946595
207.029664,100,1020.179327
259.628152,100,1020.475909
243.883349,100,1020.684146
-52.134069,100,1020.904313
215.320383,100,1021.109056
-2463.025261,100,1021.327715
241.152347,100,1021.543739
243.2249,100,1021.767728
267.320086,100,1021.976047
218.465485,100,1022.187338
259.009032,100,1022.422533
-2450.174696,100,1022.640192
254.783058,100,1022.857588
257.07483,100,1023.05925
240.830116,100,1023.260214
246.850255,100,1023.479997
221.733794,100,1023.690434
188.662372,100,1023.893578
30.270966,100,1024.089322
236.068532,100,1024.289334
211.999182,100,1031.781147
207.46408,100,1031.986127
231.184165,100,1032.200065
221.821071,100,1032.432876
220.200708,100,1032.66034
230.835075,100,1032.891617
213.668899,100,1033.096109
249.172959,100,1033.322096
239.163507,100,1033.528788
234.349152,100,1033.753688
231.258181,100,1033.974948
242.233628,100,1034.197916
217.240739,100,1034.402292
205.47212,100,1034.601482
92.379118,100,1034.824675
248.680354,100,1035.038558
-19.519731,100,1035.246433
222.548933,100,1035.459073
225.011405,100,1035.660436
245.604106,100,1035.875675
253.57632,100,1044.008177
193.947332,100,1044.23289
228.749156,100,1044.448726
151.893919,100,1044.684788
224.202027,100,1044.914106
70.802934,100,1045.147554
219.916196,100,1045.393723
118.644383,100,1045.621601
238.902413,100,1045.842718
219.988863,100,1046.083708
239.091088,100,1046.320229
260.627598,100,1046.562176
195.147202,100,1046.796825
238.839851,100,1047.022438
-488.165179,100,1047.237897
209.510627,100,1047.55684
257.477122,100,1047.824694
233.801991,100,1048.058427
218.11399,100,1048.276925
260.829452,100,1048.47941
234.27204,100,1048.689557
-2553.646145,100,1056.177705
239.438639,100,1056.380451
260.274255,100,1056.577116
235.691658,100,1056.777083
246.175867,100,1056.972023
246.8636,100,1057.180875
273.317604,100,1057.390326
234.770799,100,1057.594693
262.228299,100,1057.873911
-4858.752959,100,1058.086149
206.760488,100,1058.289531
188.607633,100,1058.493827
222.580152,100,1058.685777
-33.794988,100,1058.886182
112.420491,100,1059.091352
246.160913,100,1059.29694
251.038666,100,1059.505752
253.855458,100,1059.738739
220.381312,100,1059.942322
240.999707,100,1060.145205
203.483257,100,1067.670083
197.942986,100,1067.882023
222.798777,100,1068.106979
248.623908,100,1068.314884
204.138359,100,1068.523938
202.352393,100,1068.719461
132.513418,100,1068.932759
231.963687,100,1069.127326
255.728504,100,1069.327409
254.99787,100,1069.580406
221.063384,100,1069.790829
203.544616,100,1069.999718
232.737849,100,1070.202698
140.763836,100,1070.399803
231.030391,100,1070.585464
-323.523332,100,1070.785214
208.990296,100,1070.986519
255.694857,100,1071.183875
3.27849,100,1071.374316
218.826415,100,1071.573824
205.563762,100,1079.06725
212.718266,100,1079.260763
200.912438,100,1079.454819
-8340.657823,100,1079.649936
227.94966,100,1079.840736
223.319507,100,1080.034389
226.941423,100,1080.237911
242.607448,100,1080.434478
198.764593,100,1080.631231
211.218951,100,1080.820221
225.295642,100,1081.084327
223.456563,100,1081.28982
214.017897,100,1081.481918
221.025408,100,1081.681625
220.032794,100,1081.882309
227.244102,100,1082.080993
247.559679,100,1082.272056
202.917868,100,1082.478639
167.917162,100,1082.701045
221.209945,100,1082.909673
-209.319049,100,1083.126924
242.502822,100,1091.023836
170.776041,100,1091.219528
151.084484,100,1091.406765
189.996458,100,1091.693815
246.236004,100,1091.881495
228.882155,100,1092.078074
226.661496,100,1092.263998
214.640018,100,1092.440204
168.939267,100,1092.62622
187.633791,100,1092.804224
228.695459,100,1092.989447
249.651984,100,1093.172649
190.639481,100,1093.366088
217.334457,100,1093.550795
222.83586,100,1093.732452
229.948898,100,1093.91846
251.59746,100,1094.103406
216.222824,100,1094.282458
162.740573,100,1094.463834
247.225102,100,1094.644387
195.547745,100,1101.297397
245.49802,100,1101.475287
272.592586,100,1101.660452
201.608447,100,1101.842273
220.466299,100,1102.015386
224.911566,100,1102.19694
229.788067,100,1102.377757
239.052545,100,1102.553801
229.695625,100,1102.822636
235.903957,100,1103.044396
240.70812,100,1103.258619
205.722766,100,1103.460857
-118.538156,100,1103.643681
70.235671,100,1103.827432
242.132466,100,1104.003907
191.665063,100,1104.18434
260.20361,100,1104.370997
218.968257,100,1104.555426
237.946697,100,1104.742664
219.200169,100,1104.920066
86.815159,100,1105.096602
229.698175,100,1111.759862
243.911654,100,1111.949782
258.28057,100,1112.142211
176.043435,100,1112.343738
6.663301,100,1112.547202
-6831.409845,100,1112.731254
171.639789,100,1112.936515
37.182667,100,1113.130463
240.280617,100,1113.319915
-1216.211171,100,1113.515034
191.366828,100,1113.689515
227.889328,100,1113.87207
206.970632,100,1114.066698
233.289401,100,1114.251751
241.068308,100,1114.432545
260.732674,100,1114.622141
212.212636,100,1114.807784
231.597361,100,1114.994004
174.766302,100,1115.181998
167.155161,100,1115.362231
227.37579,100,1122.05117
265.221501,100,1122.234659
242.145677,100,1122.416452
101.544204,100,1122.602415
201.099013,100,1122.784831
-1031.256406,100,1122.965815
239.045797,100,1123.149515
254.124477,100,1123.33358
233.919509,100,1123.511925
228.698566,100,1123.693394
223.970862,100,1123.867357
218.502195,100,1124.049493
233.7104,100,1124.231455
262.436002,100,1124.40358
-8889.83841,100,1124.588651
207.36153,100,1124.777629
223.579957,100,1124.977673
251.924754,100,1125.166415
252.324942,100,1125.350578
223.686128,100,1125.538183
262.674553,100,1125.723527
215.423129,100,1132.430195
203.378544,100,1132.620592
203.079721,100,1132.816289
232.35632,100,1133.020822
228.989216,100,1133.2205
235.99066,100,1133.407937
200.496209,100,1133.596605
232.425257,100,1133.783678
240.755382,100,1133.963721
231.864272,100,1134.144124
212.761732,100,1134.323428
220.367169,100,1134.515296
211.578602,100,1134.715448
210.064634,100,1134.897834
189.070189,100,1135.064611
202.124978,100,1135.24878
210.237606,100,1135.441734
207.367164,100,1135.621444
216.92235,100,1135.803722
229.409723,100,1135.982068
228.146618,100,1142.750953
148.080252,100,1142.975421
214.562379,100,1143.211178
186.637282,100,1143.420724
236.42433,100,1143.60126
224.840734,100,1143.780649
215.575039,100,1143.966244
232.804647,100,1144.159689
-6958.575416,100,1144.339823
260.440131,100,1144.529318
192.8818,100,1144.716943
220.550476,100,1144.893636
223.520251,100,1145.075609
282.679439,100,1145.261578
249.353468,100,1145.445427
250.899964,100,1145.636353
101.010653,100,1145.823453
229.328023,100,1146.007245
221.127145,100,1146.184702
240.64895,100,1146.370803
236.395713,100,1146.561243
238.938619,100,1153.371346
263.509866,100,1153.577236
182.396793,100,1153.769404
218.406957,100,1153.945251
-127.852603,100,1154.131124
-221.055641,100,1154.31795
201.975549,100,1154.500942
265.742975,100,1154.688776
274.322658,100,1154.878658
230.037663,100,1155.079565
214.888342,100,1155.261345
251.993598,100,1155.444886
195.499712,100,1155.640274
216.121107,100,1155.837351
275.739661,100,1156.025642
249.287669,100,1156.218634
199.159995,100,1156.404912
190.970723,100,1156.589339
268.283425,100,1156.774351
177.285346,100,1156.963816
242.891622,100,1163.565806
187.054639,100,1163.745629
267.314235,100,1163.931067
233.459628,100,1164.119288
226.826235,100,1164.299557
-3681.206265,100,1164.484129
264.738087,100,1164.659271
246.673002,100,1164.845229
239.852417,100,1165.026676
200.245363,100,1165.213961
247.828752,100,1165.395675
-71.106167,100,1165.584001
217.597334,100,1165.761909
230.792828,100,1165.953692
223.017244,100,1166.143463
236.231975,100,1166.314676
248.515882,100,1166.502659
221.392605,100,1166.695574
257.344412,100,1166.876395
265.941049,100,1167.077794
216.170424,100,1167.259783
212.520516,100,1173.913656
-33.727975,100,1174.095638
208.658582,100,1174.271084
207.302948,100,1174.456799
264.563978,100,1174.648389
250.54273,100,1174.839681
198.491363,100,1175.028247
207.171694,100,1175.212035
223.214078,100,1175.391931
-4661.180313,100,1175.61576
71.844656,100,1175.821109
229.731729,100,1176.027113
214.082379,100,1176.251531
238.764769,100,1176.446719
221.414931,100,1176.634855
191.061307,100,1176.833798
252.790414,100,1177.033937
199.127185,100,1177.229094
235.239788,100,1177.414242
-92.96837,100,1177.597153
227.960999,100,1184.836226
223.786619,100,1185.023646
230.260431,100,1185.217467
234.841777,100,1185.412659
232.761147,100,1185.614122
-3005.096216,100,1185.813642
-79.01174,100,1186.01166
202.005794,100,1186.211817
197.002877,100,1186.39845
205.336032,100,1186.585378
211.281814,100,1186.762329
206.619774,100,1186.951225
217.533984,100,1187.140988
189.809132,100,1187.31596
250.902683,100,1187.502147
-5.700597,100,1187.684253
249.623176,100,1187.86545
192.177738,100,1188.067801
-1124.733866,100,1188.269515
192.458254,100,1188.480065
210.04888,100,1188.685372
199.667141,100,1196.268906
211.964792,100,1196.471332
218.425894,100,1196.67271
242.932825,100,1196.871552
218.39387,100,1197.06622
195.731252,100,1197.272433
213.392617,100,1197.473403
205.212862,100,1197.675947
242.114321,100,1197.89879
227.288768,100,1198.11512
252.630938,100,1198.321609
187.107301,100,1198.528209
190.576538,100,1198.733687
238.227883,100,1198.943357
211.216424,100,1199.14234
226.595802,100,1199.349256
195.699908,100,1199.580628
190.684438,100,1199.77861
205.232087,100,1199.976196
-8828.518556,100,1200.173567
-4398.63273,100,1207.754951
223.77045,100,1207.955612
-299.551819,100,1208.152353
210.608849,100,1208.356811
191.378637,100,1208.562102
196.869109,100,1208.766364
215.290939,100,1208.970538
188.223807,100,1209.169349
188.352749,100,1209.365682
-4396.889682,100,1209.569761
213.814448,100,1209.796057
215.109597,100,1210.007335
178.377243,100,1210.207718
193.680714,100,1210.404834
185.171241,100,1210.604035
218.402469,100,1210.813637
-444.670124,100,1211.017727
223.223196,100,1211.216856
223.976797,100,1211.420754
201.069204,100,1211.625638
205.641236,100,1211.839314
221.543798,100,1219.463638
247.415995,100,1219.661983
110.625073,100,1219.873984
184.410398,100,1220.090509
228.289058,100,1220.293718
155.144742,100,1220.505153
237.998982,100,1220.710321
217.811216,100,1220.909969
184.598539,100,1221.113759
74.13496,100,1221.31681
176.473359,100,1221.505647
225.037606,100,1221.708257
223.04872,100,1221.910253
230.951868,100,1222.119523
176.854172,100,1222.320853
259.408248,100,1222.522368
200.956879,100,1222.719409
221.552014,100,1222.931872
199.98279,100,1223.147811
214.189813,100,1223.351805
231.073244,100,1231.045039
94.46866,100,1231.273539
200.567115,100,1231.495456
212.484562,100,1231.714309
211.812591,100,1231.934326
262.717406,100,1232.163941
209.416597,100,1232.395838
240.440903,100,1232.636081
196.299765,100,1232.869088
215.371591,100,1233.100852
237.327164,100,1233.32821
201.429264,100,1233.564727
247.621167,100,1233.780489
245.800309,100,1234.013744
210.209998,100,1234.245419
198.90458,100,1234.478587
215.60517,100,1234.715597
199.933299,100,1234.950199
196.31717,100,1235.252309
227.075084,100,1235.537871
186.977356,100,1235.776571
253.196112,100,1244.08781
197.26174,100,1244.294953
231.843164,100,1244.555234
251.647199,100,1244.797986
44.664764,100,1245.007487
246.586691,100,1245.21173
242.029537,100,1245.44579
216.001767,100,1245.675706
207.703187,100,1245.886221
187.822198,100,1246.085823
202.331712,100,1246.317131
66.635958,100,1246.538247
233.124644,100,1246.755893
206.948453,100,1246.961477
205.88621,100,1247.199731
239.132503,100,1247.416627
232.555549,100,1247.624186
243.347908,100,1247.838924
221.290308,100,1248.049638
177.18961,100,1248.251956
219.350823,100,1256.060204
190.780377,100,1256.264487
179.538794,100,1256.477606
143.774826,100,1256.689434
246.570964,100,1256.917903
228.239064,100,1257.138262
245.291669,100,1257.352558
214.9091,100,1257.633748
224.891755,100,1257.856985
-13.508594,100,1258.077736
244.048713,100,1258.284909
221.04501,100,1258.485235
252.872614,100,1258.680568
35.078717,100,1258.934375
240.922381,100,1259.165875
-1217.850457,100,1259.361448
231.789402,100,1259.606192
229.025352,100,1259.801424
250.806815,100,1259.994152
181.914546,100,1260.186679
195.989882,100,1260.387379
260.528316,100,1268.193667
245.501557,100,1268.475569
246.795342,100,1268.81251
128.959392,100,1269.016238
233.777155,100,1269.21896
285.290632,100,1269.417411
195.219651,100,1269.611609
261.809948,100,1269.817078
225.105817,100,1270.021178
77.373435,100,1270.267538
239.771417,100,1270.459396
166.903989,100,1270.663504
228.568908,100,1270.861675
187.040041,100,1271.06481
223.11618,100,1271.285354
246.722989,100,1271.482464
280.23616,100,1271.681072
227.599371,100,1271.892279
211.446686,100,1272.098031
202.33616,100,1272.29092
240.616935,100,1279.702636
181.723579,100,1279.89959
237.617271,100,1280.101713
234.591053,100,1280.296428
122.116429,100,1280.493361
207.317305,100,1280.683323
224.425086,100,1280.878882
223.198138,100,1281.071206
220.917493,100,1281.264372
209.101037,100,1281.486487
215.665482,100,1281.682554
-1103.663548,100,1281.878298
185.172607,100,1282.149479
192.976887,100,1282.345395
223.83767,100,1282.551978
274.865273,100,1282.803615
182.124253,100,1283.007103
172.065567,100,1283.211944
213.416842,100,1283.412263
287.018703,100,1283.606198
210.517891,100,1283.800824
231.096536,100,1291.201349
211.969343,100,1291.407233
243.622133,100,1291.623553
249.409656,100,1291.833828
203.780832,100,1292.032753
241.092508,100,1292.231646
127.061002,100,1292.449738
182.761689,100,1292.660127
213.645687,100,1292.948015
186.505937,100,1293.14913
246.580155,100,1293.353729
134.084264,100,1293.545743
216.873618,100,1293.744107
214.027876,100,1293.945188
225.357196,100,1294.142407
168.476481,100,1294.343852
213.990468,100,1294.538689
208.419342,100,1294.74337
-3915.766745,100,1294.944273
207.332222,100,1295.187159
216.011283,100,1303.097547
197.981974,100,1303.296017
215.320991,100,1303.502328
202.299023,100,1303.714021
244.022519,100,1303.925764
202.400506,100,1304.123745
231.365814,100,1304.324515
231.33309,100,1304.514867
198.178144,100,1304.697953
228.850744,100,1304.954962
217.511541,100,1305.189265
-64.892033,100,1305.371497
202.514012,100,1305.561432
248.303349,100,1305.740569
190.987539,100,1305.932278
213.697581,100,1306.116672
220.742427,100,1306.312233
196.158597,100,1306.510012
203.093493,100,1306.700564
210.833882,100,1306.880335
212.505246,100,1307.063333
